title,fitness_category,tool,body_part,target,disease,youtube_id,youtube_url,thumb_url,page_no,rank_on_page
점핑점핑해요,심폐지구력,목봉/사다리/줄/하프콘,,유아기,,KlDL8qiVZuA,https://www.youtube.com/watch?v=KlDL8qiVZuA,https://img.youtube.com/vi/KlDL8qiVZuA/0.jpg,1,1
흔들어 체조,유연성,맨몸,전신,유아기,,bNGdUKkkg5Q,https://www.youtube.com/watch?v=bNGdUKkkg5Q,https://img.youtube.com/vi/bNGdUKkkg5Q/0.jpg,1,2
인사 체조,근력/근지구력,맨몸,전신,유아기,,5bh6al9PrBY,https://www.youtube.com/watch?v=5bh6al9PrBY,https://img.youtube.com/vi/5bh6al9PrBY/0.jpg,1,3
후굴자세 해봐요,유연성,보슈볼,전신,유아기,,UNNiQNukAmg,https://www.youtube.com/watch?v=UNNiQNukAmg,https://img.youtube.com/vi/UNNiQNukAmg/0.jpg,1,4
줄넘기 해요,심폐지구력,줄,전신,유아기,,qUn3Yb0j0Ko,https://www.youtube.com/watch?v=qUn3Yb0j0Ko,https://img.youtube.com/vi/qUn3Yb0j0Ko/0.jpg,1,5
지그재그 달려요,민첩성/순발력,라바콘/공/맨몸,전신,유아기,,JFb1g2BVw1Q,https://www.youtube.com/watch?v=JFb1g2BVw1Q,https://img.youtube.com/vi/JFb1g2BVw1Q/0.jpg,1,6
힘차게 던져요,민첩성/순발력,공,전신,유아기,,sPiJjJw8zg4,https://www.youtube.com/watch?v=sPiJjJw8zg4,https://img.youtube.com/vi/sPiJjJw8zg4/0.jpg,1,7
지게발 걸어요,평형성,막대/맨몸/하프콘,전신,유아기,,OCAEizGxsbA,https://www.youtube.com/watch?v=OCAEizGxsbA,https://img.youtube.com/vi/OCAEizGxsbA/0.jpg,1,8
후다닥 집어요,민첩성/순발력,공,상체,유아기,,EGZbme3XO1s,https://www.youtube.com/watch?v=EGZbme3XO1s,https://img.youtube.com/vi/EGZbme3XO1s/0.jpg,1,9
힘차게 맞춰요,민첩성/순발력,공/막대/목봉,전신,유아기,,epfZM_461MM,https://www.youtube.com/watch?v=epfZM_461MM,https://img.youtube.com/vi/epfZM_461MM/0.jpg,1,10
조심조심 걸어요,평형성,공/막대/목봉/사다리/줄,전신,유아기,,gDKdCMYu7lM,https://www.youtube.com/watch?v=gDKdCMYu7lM,https://img.youtube.com/vi/gDKdCMYu7lM/0.jpg,1,11
후다닥 붙여요,민첩성/순발력,공,전신,유아기,,6GaiMQ0RC00,https://www.youtube.com/watch?v=6GaiMQ0RC00,https://img.youtube.com/vi/6GaiMQ0RC00/0.jpg,1,12
우리 모두 다같이,근력/근지구력,맨몸,전신,유아기,,p8LPwUDWpOI,https://www.youtube.com/watch?v=p8LPwUDWpOI,https://img.youtube.com/vi/p8LPwUDWpOI/0.jpg,2,1
동물처럼 걸어요,근력/근지구력,맨몸,전신,유아기,,JwdlbUuMBpE,https://www.youtube.com/watch?v=JwdlbUuMBpE,https://img.youtube.com/vi/JwdlbUuMBpE/0.jpg,2,2
알을 낳아요,심폐지구력,공,전신,유아기,,FfGUlYOhMg0,https://www.youtube.com/watch?v=FfGUlYOhMg0,https://img.youtube.com/vi/FfGUlYOhMg0/0.jpg,2,3
꼬리를 떼어요,심폐지구력,라바콘/공/맨몸/스카프,전신,유아기,,VSkdVzQp3_Y,https://www.youtube.com/watch?v=VSkdVzQp3_Y,https://img.youtube.com/vi/VSkdVzQp3_Y/0.jpg,2,4
소방훈련 해요,근력/근지구력,맨몸,,유아기,,efSpX08rOPc,https://www.youtube.com/watch?v=efSpX08rOPc,https://img.youtube.com/vi/efSpX08rOPc/0.jpg,2,5
엉금엉금 기어요,근력/근지구력,라바콘/공/맨몸,상체,유아기,,mTqBxGSPyrQ,https://www.youtube.com/watch?v=mTqBxGSPyrQ,https://img.youtube.com/vi/mTqBxGSPyrQ/0.jpg,2,6
밸런스 보드에 서요,평형성,보슈볼,전신,유아기,,bAlyDuF9BSE,https://www.youtube.com/watch?v=bAlyDuF9BSE,https://img.youtube.com/vi/bAlyDuF9BSE/0.jpg,2,7
알록달록 공을 옮겨요,협응력,공,전신,유아기,,v5bZwdt5O6I,https://www.youtube.com/watch?v=v5bZwdt5O6I,https://img.youtube.com/vi/v5bZwdt5O6I/0.jpg,2,8
낚시를 해요,협응력,막대/줄,상체,유아기,,Q4307KeeK2g,https://www.youtube.com/watch?v=Q4307KeeK2g,https://img.youtube.com/vi/Q4307KeeK2g/0.jpg,2,9
밸런스 볼에 서요,평형성,보슈볼,전신,유아기,,-FG62V4U3ik,https://www.youtube.com/watch?v=-FG62V4U3ik,https://img.youtube.com/vi/-FG62V4U3ik/0.jpg,2,10
분리배출 해요,협응력,공/막대,,유아기,,JATBe36n69I,https://www.youtube.com/watch?v=JATBe36n69I,https://img.youtube.com/vi/JATBe36n69I/0.jpg,2,11
알록달록 붙여요,협응력,공/사다리/의자/줄,,유아기,,JCNEhRZ5aJ0,https://www.youtube.com/watch?v=JCNEhRZ5aJ0,https://img.youtube.com/vi/JCNEhRZ5aJ0/0.jpg,2,12
계이름 치기,협응력,맨몸,전신,유소년,,RBkj5eAk8N0,https://www.youtube.com/watch?v=RBkj5eAk8N0,https://img.youtube.com/vi/RBkj5eAk8N0/0.jpg,3,1
밴드를 당겨요,근력/근지구력,밴드,상체,유아기,,We_R8PO5jrk,https://www.youtube.com/watch?v=We_R8PO5jrk,https://img.youtube.com/vi/We_R8PO5jrk/0.jpg,3,2
거북이 스트레칭,유연성,맨몸,전신,유아기,,H8zlxTkQ9lg,https://www.youtube.com/watch?v=H8zlxTkQ9lg,https://img.youtube.com/vi/H8zlxTkQ9lg/0.jpg,3,3
윗몸 말며 공을 전달해요,근력/근지구력,공/맨몸,복부/허리/몸통,유아기,,C9GAO3Oy6z8,https://www.youtube.com/watch?v=C9GAO3Oy6z8,https://img.youtube.com/vi/C9GAO3Oy6z8/0.jpg,3,4
영차영차 올라요,근력/근지구력,맨몸,전신,유아기,,9R5q1RuISgU,https://www.youtube.com/watch?v=9R5q1RuISgU,https://img.youtube.com/vi/9R5q1RuISgU/0.jpg,3,5
공을 옮겨요(옆),협응력,공,전신,유아기,,B-EvmGDLOU8,https://www.youtube.com/watch?v=B-EvmGDLOU8,https://img.youtube.com/vi/B-EvmGDLOU8/0.jpg,3,6
끌어요 당겨요,근력/근지구력,맨몸/밴드/사다리,//몸통/,유아기,,nrB8QZ3rgb0,https://www.youtube.com/watch?v=nrB8QZ3rgb0,https://img.youtube.com/vi/nrB8QZ3rgb0/0.jpg,3,7
빌리보를 밀어요,근력/근지구력,맨몸/베개/보슈볼,전신,유아기,,g5bjIAgLr0o,https://www.youtube.com/watch?v=g5bjIAgLr0o,https://img.youtube.com/vi/g5bjIAgLr0o/0.jpg,3,8
딩딩링을 끼워요,근력/근지구력,맨몸/밴드/줄/테이블,상체/손목,유아기,,vZpUnllBHyI,https://www.youtube.com/watch?v=vZpUnllBHyI,https://img.youtube.com/vi/vZpUnllBHyI/0.jpg,3,9
공 받고 던져요,협응력,공,전신,유아기,,5qsEowv7Kco,https://www.youtube.com/watch?v=5qsEowv7Kco,https://img.youtube.com/vi/5qsEowv7Kco/0.jpg,3,10
공을 옮겨요(앞),협응력,공,전신,유아기,,zBBIu3eymPg,https://www.youtube.com/watch?v=zBBIu3eymPg,https://img.youtube.com/vi/zBBIu3eymPg/0.jpg,3,11
뽁뽁이를 눌러요,협응력,맨몸/보슈볼,상체/손목,유아기,,9rnRVkMoWtc,https://www.youtube.com/watch?v=9rnRVkMoWtc,https://img.youtube.com/vi/9rnRVkMoWtc/0.jpg,3,12
반복 옆뛰기,민첩성/순발력,맨몸/줄/하프콘,전신,유소년,,4gw_K966RAM,https://www.youtube.com/watch?v=4gw_K966RAM,https://img.youtube.com/vi/4gw_K966RAM/0.jpg,4,1
벽패스,협응력,공,전신,유소년,,beu4oIY1vjE,https://www.youtube.com/watch?v=beu4oIY1vjE,https://img.youtube.com/vi/beu4oIY1vjE/0.jpg,4,2
십(十)자 드리블,협응력,라바콘/공,전신,유소년,,byRsrO8qhpg,https://www.youtube.com/watch?v=byRsrO8qhpg,https://img.youtube.com/vi/byRsrO8qhpg/0.jpg,4,3
공 양손으로 주고 받기,협응력,공,전신,유소년,,wpRYvVFM-HA,https://www.youtube.com/watch?v=wpRYvVFM-HA,https://img.youtube.com/vi/wpRYvVFM-HA/0.jpg,4,4
의자 잡고 반복 옆 뛰기,민첩성/순발력,맨몸/의자,전신,유소년,,hOgaVdOSwdw,https://www.youtube.com/watch?v=hOgaVdOSwdw,https://img.youtube.com/vi/hOgaVdOSwdw/0.jpg,4,5
양 손 번갈아 공 튀기기,협응력,공,전신,유소년,,vffvCksMUfg,https://www.youtube.com/watch?v=vffvCksMUfg,https://img.youtube.com/vi/vffvCksMUfg/0.jpg,4,6
라켓으로 공 치며 앞으로 가기,협응력,풍선/라켓,전신,유소년,,S8MFxWv9wg4,https://www.youtube.com/watch?v=S8MFxWv9wg4,https://img.youtube.com/vi/S8MFxWv9wg4/0.jpg,4,7
공 위로 던지고 제자리 돌아 받기,협응력,공,전신,유소년,,m-ISbQftC2E,https://www.youtube.com/watch?v=m-ISbQftC2E,https://img.youtube.com/vi/m-ISbQftC2E/0.jpg,4,8
무릎-허리 높이로 공 튀기기,협응력,공,전신,유소년,,z4ROS7dj1fA,https://www.youtube.com/watch?v=z4ROS7dj1fA,https://img.youtube.com/vi/z4ROS7dj1fA/0.jpg,4,9
공 던져 색깔 맞추기,협응력,공,전신,유소년,,54fLPATKj50,https://www.youtube.com/watch?v=54fLPATKj50,https://img.youtube.com/vi/54fLPATKj50/0.jpg,4,10
훌라후프로 공 끌고 가기,협응력,공/훌라후프,전신,유소년,,83Y-Fp_lbf4,https://www.youtube.com/watch?v=83Y-Fp_lbf4,https://img.youtube.com/vi/83Y-Fp_lbf4/0.jpg,4,11
훌라후프하며 앞으로 가기,협응력,하프콘/훌라후프,전신,유소년,,LVgDNxRug0E,https://www.youtube.com/watch?v=LVgDNxRug0E,https://img.youtube.com/vi/LVgDNxRug0E/0.jpg,4,12
2단 줄넘기,민첩성/순발력,맨몸/줄넘기,전신,유소년,,MgxsqDqM9AQ,https://www.youtube.com/watch?v=MgxsqDqM9AQ,https://img.youtube.com/vi/MgxsqDqM9AQ/0.jpg,5,1
십(十)자 달리기,민첩성/순발력,맨몸/하프콘,전신,유소년,,k7nYGwru9qo,https://www.youtube.com/watch?v=k7nYGwru9qo,https://img.youtube.com/vi/k7nYGwru9qo/0.jpg,5,2
점프해서 발바닥 치기,민첩성/순발력,맨몸,/,유소년,,8KF6J_MMj7w,https://www.youtube.com/watch?v=8KF6J_MMj7w,https://img.youtube.com/vi/8KF6J_MMj7w/0.jpg,5,3
제자리 멀리 뛰기,민첩성/순발력,맨몸,/,유소년,,bbLthsYBQDI,https://www.youtube.com/watch?v=bbLthsYBQDI,https://img.youtube.com/vi/bbLthsYBQDI/0.jpg,5,4
연속 무릎 올리기,민첩성/순발력,맨몸/의자/줄/하프콘,/,유소년,,ca_bJSTNiNE,https://www.youtube.com/watch?v=ca_bJSTNiNE,https://img.youtube.com/vi/ca_bJSTNiNE/0.jpg,5,5
대(大)자 점프 뛰기,민첩성/순발력,맨몸,전신,유소년,,LX1hy8AJYCE,https://www.youtube.com/watch?v=LX1hy8AJYCE,https://img.youtube.com/vi/LX1hy8AJYCE/0.jpg,5,6
S자 달리기,민첩성/순발력,맨몸/하프콘,전신,유소년,,Fwp_dC6fY7U,https://www.youtube.com/watch?v=Fwp_dC6fY7U,https://img.youtube.com/vi/Fwp_dC6fY7U/0.jpg,5,7
4방향 콘 찍고 달리기,민첩성/순발력,맨몸/하프콘,전신,유소년,,7BwpXiGOMjQ,https://www.youtube.com/watch?v=7BwpXiGOMjQ,https://img.youtube.com/vi/7BwpXiGOMjQ/0.jpg,5,8
점프해서 손 발끝 닿기,민첩성/순발력,맨몸,전신,유소년,,rkfDOMaPDfw,https://www.youtube.com/watch?v=rkfDOMaPDfw,https://img.youtube.com/vi/rkfDOMaPDfw/0.jpg,5,9
콘 뛰어넘기,민첩성/순발력,맨몸/하프콘,/,유소년,,sx_cwgl6dGo,https://www.youtube.com/watch?v=sx_cwgl6dGo,https://img.youtube.com/vi/sx_cwgl6dGo/0.jpg,5,10
점프하며 앞으로 나가기,민첩성/순발력,맨몸/하프콘,전신,유소년,,_ZoCIx54eeA,https://www.youtube.com/watch?v=_ZoCIx54eeA,https://img.youtube.com/vi/_ZoCIx54eeA/0.jpg,5,11
50M 달리기,민첩성/순발력,맨몸,전신,유소년,,tVuErfFGLaE,https://www.youtube.com/watch?v=tVuErfFGLaE,https://img.youtube.com/vi/tVuErfFGLaE/0.jpg,5,12
누워서 굽힌 다리 펴기,유연성,맨몸/밴드/수건/써클링,/,유소년,,NCc6T_T7JJ8,https://www.youtube.com/watch?v=NCc6T_T7JJ8,https://img.youtube.com/vi/NCc6T_T7JJ8/0.jpg,6,1
잔발치기,민첩성/순발력,맨몸,전신,유소년,,C75IYA85mnk,https://www.youtube.com/watch?v=C75IYA85mnk,https://img.youtube.com/vi/C75IYA85mnk/0.jpg,6,2
벽잡고 빨리 뛰기,민첩성/순발력,맨몸,///,유소년,,aNpV1R-dcRU,https://www.youtube.com/watch?v=aNpV1R-dcRU,https://img.youtube.com/vi/aNpV1R-dcRU/0.jpg,6,3
한 발 뒤로 빼고 앞으로 굽히기,유연성,맨몸,/,유소년,,ro5XgKye-4E,https://www.youtube.com/watch?v=ro5XgKye-4E,https://img.youtube.com/vi/ro5XgKye-4E/0.jpg,6,4
엎드려 상체 들어올리기,유연성,맨몸,등/복부/몸통,유소년,,UubzHdVpQjw,https://www.youtube.com/watch?v=UubzHdVpQjw,https://img.youtube.com/vi/UubzHdVpQjw/0.jpg,6,5
다리 모아 뒤로 눕기,유연성,공/맨몸/써클휠,///,유소년,,0hJraABwrQ4,https://www.youtube.com/watch?v=0hJraABwrQ4,https://img.youtube.com/vi/0hJraABwrQ4/0.jpg,6,6
활 자세,유연성,맨몸/밴드/수건/써클링,/,유소년,,roGAu693-os,https://www.youtube.com/watch?v=roGAu693-os,https://img.youtube.com/vi/roGAu693-os/0.jpg,6,7
무릎 대고 상체 뒤로 젖히기,유연성,맨몸,/,유소년,,fgTEpCT_qT0,https://www.youtube.com/watch?v=fgTEpCT_qT0,https://img.youtube.com/vi/fgTEpCT_qT0/0.jpg,6,8
엎드려 어깨 늘리기,유연성,공/맨몸/써클휠,////,유소년,,BsW63YITwXg,https://www.youtube.com/watch?v=BsW63YITwXg,https://img.youtube.com/vi/BsW63YITwXg/0.jpg,6,9
엎드려 교차 발 잡아당기기,유연성,맨몸,허벅지앞쪽,유소년,,k2umioC4dn0,https://www.youtube.com/watch?v=k2umioC4dn0,https://img.youtube.com/vi/k2umioC4dn0/0.jpg,6,10
무릎 대고 옆으로 기울이기,유연성,막대/맨몸/밴드/써클링,복부/허리/몸통,유소년,,wp0vr0I8UEA,https://www.youtube.com/watch?v=wp0vr0I8UEA,https://img.youtube.com/vi/wp0vr0I8UEA/0.jpg,6,11
팔 빨리 흔들기,민첩성/순발력,맨몸,///,유소년,,ZUKM0wbqF4k,https://www.youtube.com/watch?v=ZUKM0wbqF4k,https://img.youtube.com/vi/ZUKM0wbqF4k/0.jpg,6,12
다리 벌려 옆으로 상체 숙이기,유연성,맨몸,종아리뒤쪽/허벅지뒤쪽,유소년,,4Sh-l6LW2io,https://www.youtube.com/watch?v=4Sh-l6LW2io,https://img.youtube.com/vi/4Sh-l6LW2io/0.jpg,7,1
다리 벌려 앞으로 상체 숙이기,유연성,맨몸,종아리뒤쪽/허벅지뒤쪽,유소년,,oPEXWcRANJA,https://www.youtube.com/watch?v=oPEXWcRANJA,https://img.youtube.com/vi/oPEXWcRANJA/0.jpg,7,2
발목 얹고 다리 잡아당기기,유연성,맨몸,/,유소년,,7lHtKJw7qTQ,https://www.youtube.com/watch?v=7lHtKJw7qTQ,https://img.youtube.com/vi/7lHtKJw7qTQ/0.jpg,7,3
다리 모아 상체 숙이기,유연성,맨몸,종아리뒤쪽/허벅지뒤쪽,유소년,,UbdHMbDdlfI,https://www.youtube.com/watch?v=UbdHMbDdlfI,https://img.youtube.com/vi/UbdHMbDdlfI/0.jpg,7,4
무릎 굽혀 가슴 닿기,유연성,맨몸,//,유소년,,sWMuG_CdohI,https://www.youtube.com/watch?v=sWMuG_CdohI,https://img.youtube.com/vi/sWMuG_CdohI/0.jpg,7,5
발바닥 마주대고 끌어당기기,유연성,맨몸,허벅지내측/허벅지앞쪽,유소년,,AG_1Tvtobko,https://www.youtube.com/watch?v=AG_1Tvtobko,https://img.youtube.com/vi/AG_1Tvtobko/0.jpg,7,6
다리 굽혀(W자) 상체 뒤로 눕기,유연성,맨몸,/,유소년,,8iOLRNEXF0Y,https://www.youtube.com/watch?v=8iOLRNEXF0Y,https://img.youtube.com/vi/8iOLRNEXF0Y/0.jpg,7,7
앉아서 옆구리 늘려주기,유연성,맨몸,종아리뒤쪽/허벅지뒤쪽,유소년,,M95EiuTLuC4,https://www.youtube.com/watch?v=M95EiuTLuC4,https://img.youtube.com/vi/M95EiuTLuC4/0.jpg,7,8
앉아서 한 발 앞으로 굽히기,유연성,맨몸/밴드,종아리뒤쪽/허벅지뒤쪽,유소년,,z1fguNdHKLM,https://www.youtube.com/watch?v=z1fguNdHKLM,https://img.youtube.com/vi/z1fguNdHKLM/0.jpg,7,9
한 발 앞굽이 팔 위로 뻗어 가슴 내밀기,유연성,맨몸,/,유소년,,MyWN4BooK7A,https://www.youtube.com/watch?v=MyWN4BooK7A,https://img.youtube.com/vi/MyWN4BooK7A/0.jpg,7,10
앉아 윗몸 앞으로 굽히기,유연성,맨몸,종아리뒤쪽/허벅지뒤쪽,유소년,,DSzbj4FpZ_w,https://www.youtube.com/watch?v=DSzbj4FpZ_w,https://img.youtube.com/vi/DSzbj4FpZ_w/0.jpg,7,11
다리 꼬아 상체 앞으로 숙이기,유연성,맨몸,종아리뒤쪽/허벅지뒤쪽,유소년,,xnDoF8SHosI,https://www.youtube.com/watch?v=xnDoF8SHosI,https://img.youtube.com/vi/xnDoF8SHosI/0.jpg,7,12
1단 줄넘기,심폐지구력,줄넘기,전신,유소년,,7Rqc2MhfqKU,https://www.youtube.com/watch?v=7Rqc2MhfqKU,https://img.youtube.com/vi/7Rqc2MhfqKU/0.jpg,8,1
계단 오르기,심폐지구력,맨몸/스텝박스/스텝퍼,전신,유소년,,fo1FlS41oig,https://www.youtube.com/watch?v=fo1FlS41oig,https://img.youtube.com/vi/fo1FlS41oig/0.jpg,8,2
제자리 뛰기,심폐지구력,맨몸/밴드,전신,유소년,,uy1T5QNARJ4,https://www.youtube.com/watch?v=uy1T5QNARJ4,https://img.youtube.com/vi/uy1T5QNARJ4/0.jpg,8,3
왕복달리기,심폐지구력,라바콘/공/맨몸,전신,유소년,,npkhsPgJKxc,https://www.youtube.com/watch?v=npkhsPgJKxc,https://img.youtube.com/vi/npkhsPgJKxc/0.jpg,8,4
박스 옆으로 번갈아 뛰기,심폐지구력,맨몸/스텝박스,전신,유소년,,goxQEwmXISE,https://www.youtube.com/watch?v=goxQEwmXISE,https://img.youtube.com/vi/goxQEwmXISE/0.jpg,8,5
한 발 무릎위 올려차기,심폐지구력,맨몸/스텝박스,전신,유소년,,NBpEWlVUiak,https://www.youtube.com/watch?v=NBpEWlVUiak,https://img.youtube.com/vi/NBpEWlVUiak/0.jpg,8,6
박스 오르내리기,심폐지구력,맨몸/스텝박스,전신,유소년,,B_ZmgQ0r4G0,https://www.youtube.com/watch?v=B_ZmgQ0r4G0,https://img.youtube.com/vi/B_ZmgQ0r4G0/0.jpg,8,7
엎드려 무릎 연속 차기,심폐지구력,맨몸,전신,유소년,,uOEDN5JKB_Y,https://www.youtube.com/watch?v=uOEDN5JKB_Y,https://img.youtube.com/vi/uOEDN5JKB_Y/0.jpg,8,8
다리 모았다 벌려 뛰기,심폐지구력,맨몸/스텝박스,전신,유소년,,S0R0DfN9uF8,https://www.youtube.com/watch?v=S0R0DfN9uF8,https://img.youtube.com/vi/S0R0DfN9uF8/0.jpg,8,9
허리 비틀어 앉았다 일어서기,근력/근지구력,공/맨몸,허벅지앞쪽,유소년,,LXvXhGDda-c,https://www.youtube.com/watch?v=LXvXhGDda-c,https://img.youtube.com/vi/LXvXhGDda-c/0.jpg,8,10
무릎 올려 공 닿기,근력/근지구력,공/맨몸,종아리/종아리뒤쪽/종아리앞쪽/허벅지/허벅지내측/허벅지뒤쪽/허벅지앞쪽/허벅지외측/하체/골반,유소년,,aJ2URWnaYzU,https://www.youtube.com/watch?v=aJ2URWnaYzU,https://img.youtube.com/vi/aJ2URWnaYzU/0.jpg,8,11
밴드 잡고 다리 옆으로 벌리기,근력/근지구력,맨몸/밴드,허벅지외측,유소년,,WXatlRyvZNM,https://www.youtube.com/watch?v=WXatlRyvZNM,https://img.youtube.com/vi/WXatlRyvZNM/0.jpg,8,12
다리 앞뒤로 벌려 굽혔다 펴기,근력/근지구력,맨몸,//,유소년,,yn_JjLJaR4U,https://www.youtube.com/watch?v=yn_JjLJaR4U,https://img.youtube.com/vi/yn_JjLJaR4U/0.jpg,9,1
발 뒤꿈치 들어올리기,근력/근지구력,맨몸/의자,종아리,유소년,,KLp2eCPRc6Q,https://www.youtube.com/watch?v=KLp2eCPRc6Q,https://img.youtube.com/vi/KLp2eCPRc6Q/0.jpg,9,2
옆으로 다리 뻗기,근력/근지구력,맨몸,종아리/종아리뒤쪽/종아리앞쪽/허벅지/허벅지내측/허벅지뒤쪽/허벅지앞쪽/허벅지외측/하체/골반,유소년,,W87D90EHUjI,https://www.youtube.com/watch?v=W87D90EHUjI,https://img.youtube.com/vi/W87D90EHUjI/0.jpg,9,3
앞발 의자 올려 굽히기,근력/근지구력,맨몸/의자,/,유소년,,3ofToKYGZX4,https://www.youtube.com/watch?v=3ofToKYGZX4,https://img.youtube.com/vi/3ofToKYGZX4/0.jpg,9,4
의자에 앉아 다리 펴서 들어올리기,근력/근지구력,맨몸/밴드/의자,허벅지앞쪽,유소년,,TeOzUtF_60o,https://www.youtube.com/watch?v=TeOzUtF_60o,https://img.youtube.com/vi/TeOzUtF_60o/0.jpg,9,5
앞으로 나가며 앉았다 일어서기,근력/근지구력,맨몸/의자,종아리/종아리뒤쪽/종아리앞쪽/허벅지내측/허벅지뒤쪽/허벅지앞쪽/허벅지외측/하체/골반,유소년,,trVV1QXctrk,https://www.youtube.com/watch?v=trVV1QXctrk,https://img.youtube.com/vi/trVV1QXctrk/0.jpg,9,6
다리 옆으로 들어올리기,근력/근지구력,맨몸/의자,허벅지내측/허벅지외측,유소년,,ZPeV_MD9ZlY,https://www.youtube.com/watch?v=ZPeV_MD9ZlY,https://img.youtube.com/vi/ZPeV_MD9ZlY/0.jpg,9,7
앞발 들어올리기,근력/근지구력,맨몸/의자,종아리앞쪽,유소년,,Wpy4zo0O-eo,https://www.youtube.com/watch?v=Wpy4zo0O-eo,https://img.youtube.com/vi/Wpy4zo0O-eo/0.jpg,9,8
교차 다리 굽히기,근력/근지구력,맨몸/물병,종아리/종아리뒤쪽/종아리앞쪽/허벅지/허벅지내측/허벅지뒤쪽/허벅지앞쪽/허벅지외측/하체/골반,유소년,,qg6l38ZHUpA,https://www.youtube.com/watch?v=qg6l38ZHUpA,https://img.youtube.com/vi/qg6l38ZHUpA/0.jpg,9,9
뒷발 의자 올려 굽히기,근력/근지구력,맨몸/의자,/,유소년,,pC-Klz76ZA8,https://www.youtube.com/watch?v=pC-Klz76ZA8,https://img.youtube.com/vi/pC-Klz76ZA8/0.jpg,9,10
밴드 잡고 무릎펴기,근력/근지구력,맨몸/밴드,허벅지앞쪽,유소년,,V3dy9zf-zeA,https://www.youtube.com/watch?v=V3dy9zf-zeA,https://img.youtube.com/vi/V3dy9zf-zeA/0.jpg,9,11
밴드 한 발 뒤로 들기,근력/근지구력,맨몸/밴드/의자,종아리뒤쪽,유소년,,96vKSCBl_WM,https://www.youtube.com/watch?v=96vKSCBl_WM,https://img.youtube.com/vi/96vKSCBl_WM/0.jpg,9,12
앉았다 일어서기,근력/근지구력,공/의자,//,유소년,,CZl5Th--uhQ,https://www.youtube.com/watch?v=CZl5Th--uhQ,https://img.youtube.com/vi/CZl5Th--uhQ/0.jpg,10,1
엎드려 다리 들어올리기,근력/근지구력,맨몸,둔부,유소년,,LFdPiGNtGvs,https://www.youtube.com/watch?v=LFdPiGNtGvs,https://img.youtube.com/vi/LFdPiGNtGvs/0.jpg,10,2
옆으로 누워 다리 들어올리기,근력/근지구력,맨몸,//,유소년,,39UIxnja2Mc,https://www.youtube.com/watch?v=39UIxnja2Mc,https://img.youtube.com/vi/39UIxnja2Mc/0.jpg,10,3
팔로 써클링 누르기,근력/근지구력,공/써클링,가슴,유소년,,08ZrHhPlqag,https://www.youtube.com/watch?v=08ZrHhPlqag,https://img.youtube.com/vi/08ZrHhPlqag/0.jpg,10,4
V자 버티기,근력/근지구력,공/맨몸/써클링,복부,유소년,,pgx7kHmOd08,https://www.youtube.com/watch?v=pgx7kHmOd08,https://img.youtube.com/vi/pgx7kHmOd08/0.jpg,10,5
무릎 굽혀 엉덩이 들어올리기,근력/근지구력,맨몸,/,유소년,,LNH-Gh5GB1k,https://www.youtube.com/watch?v=LNH-Gh5GB1k,https://img.youtube.com/vi/LNH-Gh5GB1k/0.jpg,10,6
옆으로 누워 무릎 벌리기,근력/근지구력,맨몸,둔부,유소년,,EH2tnm66bpY,https://www.youtube.com/watch?v=EH2tnm66bpY,https://img.youtube.com/vi/EH2tnm66bpY/0.jpg,10,7
무릎 구부려 상체 비틀기,근력/근지구력,공/맨몸,복부/아랫복근/윗복근,유소년,,9RlA3_KeEIg,https://www.youtube.com/watch?v=9RlA3_KeEIg,https://img.youtube.com/vi/9RlA3_KeEIg/0.jpg,10,8
밴드 앞으로 당기기,근력/근지구력,맨몸/밴드,가슴/어깨,유소년,,jSyfdSN7348,https://www.youtube.com/watch?v=jSyfdSN7348,https://img.youtube.com/vi/jSyfdSN7348/0.jpg,10,9
밴드 다리 올려 버티기,근력/근지구력,맨몸/밴드,복부,유소년,,ATBODED9lpw,https://www.youtube.com/watch?v=ATBODED9lpw,https://img.youtube.com/vi/ATBODED9lpw/0.jpg,10,10
공 잡고 상체 들어올리기,근력/근지구력,공,등/허리,유소년,,HxYEP4OxA6A,https://www.youtube.com/watch?v=HxYEP4OxA6A,https://img.youtube.com/vi/HxYEP4OxA6A/0.jpg,10,11
써클휠로 다리 끌어당기기,근력/근지구력,공/맨몸/써클휠,복부,유소년,,s9KC6DIT8DY,https://www.youtube.com/watch?v=s9KC6DIT8DY,https://img.youtube.com/vi/s9KC6DIT8DY/0.jpg,10,12
윗몸말아올리기,근력/근지구력,맨몸/밴드,복부,유소년,,Kyt-UTRiVnM,https://www.youtube.com/watch?v=Kyt-UTRiVnM,https://img.youtube.com/vi/Kyt-UTRiVnM/0.jpg,11,1
엎드려 팔 대고 버티기,근력/근지구력,맨몸,등/복부/아랫복근/윗복근/허리/몸통,유소년,,hfO4ZCt_DM4,https://www.youtube.com/watch?v=hfO4ZCt_DM4,https://img.youtube.com/vi/hfO4ZCt_DM4/0.jpg,11,2
엎드려 무릎 당기기,근력/근지구력,맨몸,/,유소년,,r-MKM8QOH_M,https://www.youtube.com/watch?v=r-MKM8QOH_M,https://img.youtube.com/vi/r-MKM8QOH_M/0.jpg,11,3
머리 뒤로 깍지 끼고 상체 숙이기,근력/근지구력,맨몸,등/허리/몸통,유소년,,Ei7tJWdISDA,https://www.youtube.com/watch?v=Ei7tJWdISDA,https://img.youtube.com/vi/Ei7tJWdISDA/0.jpg,11,4
팔 구부려 등 모으기,근력/근지구력,맨몸,/,유소년,,yKDmNLrGYQU,https://www.youtube.com/watch?v=yKDmNLrGYQU,https://img.youtube.com/vi/yKDmNLrGYQU/0.jpg,11,5
앉아서 다리 펴서 들어올리기,근력/근지구력,맨몸,복부/몸통,유소년,,8ko-zEe6QbU,https://www.youtube.com/watch?v=8ko-zEe6QbU,https://img.youtube.com/vi/8ko-zEe6QbU/0.jpg,11,6
옆으로 팔 대고 버티기,근력/근지구력,맨몸,/,유소년,,lVxep68_b-Y,https://www.youtube.com/watch?v=lVxep68_b-Y,https://img.youtube.com/vi/lVxep68_b-Y/0.jpg,11,7
팔꿈치-무릎 교차 닿기,근력/근지구력,맨몸,복부/허리/몸통,유소년,,XBDKsUgPmiI,https://www.youtube.com/watch?v=XBDKsUgPmiI,https://img.youtube.com/vi/XBDKsUgPmiI/0.jpg,11,8
앉아서 밴드 당기기,근력/근지구력,맨몸/밴드,//,유소년,,xiIJzYConj0,https://www.youtube.com/watch?v=xiIJzYConj0,https://img.youtube.com/vi/xiIJzYConj0/0.jpg,11,9
다리 올려 의자넘기,근력/근지구력,맨몸,복부/아랫복근/윗복근,유소년,,HA_gTzMAd9w,https://www.youtube.com/watch?v=HA_gTzMAd9w,https://img.youtube.com/vi/HA_gTzMAd9w/0.jpg,11,10
누워서 다리 펴고 원 그리기,근력/근지구력,맨몸,복부,유소년,,zI8DaA4G5lc,https://www.youtube.com/watch?v=zI8DaA4G5lc,https://img.youtube.com/vi/zI8DaA4G5lc/0.jpg,11,11
밴드로 다리 들어 올려 버티기,근력/근지구력,맨몸/밴드,복부,유소년,,xfCUGYGnOas,https://www.youtube.com/watch?v=xfCUGYGnOas,https://img.youtube.com/vi/xfCUGYGnOas/0.jpg,11,12
팔굽혀펴기,근력/근지구력,맨몸,////,유소년,,8iUa8b_j9QI,https://www.youtube.com/watch?v=8iUa8b_j9QI,https://img.youtube.com/vi/8iUa8b_j9QI/0.jpg,12,1
슈퍼맨자세,근력/근지구력,맨몸,둔부/등/허리,유소년,,4-OXSsCc7tE,https://www.youtube.com/watch?v=4-OXSsCc7tE,https://img.youtube.com/vi/4-OXSsCc7tE/0.jpg,12,2
콘운동 루틴프로그램,민첩성/순발력,하프콘,하체,청소년,,3C-1-RnAkN4,https://www.youtube.com/watch?v=3C-1-RnAkN4,https://img.youtube.com/vi/3C-1-RnAkN4/0.jpg,12,3
엎드려 팔로 걷기,근력/근지구력,맨몸,전신,유소년,,J8AH3hWBVME,https://www.youtube.com/watch?v=J8AH3hWBVME,https://img.youtube.com/vi/J8AH3hWBVME/0.jpg,12,4
의자 잡고 팔 뒤로 굽히기,근력/근지구력,맨몸/의자,어깨/위팔뒤쪽,유소년,,05Lk6_BvAmg,https://www.youtube.com/watch?v=05Lk6_BvAmg,https://img.youtube.com/vi/05Lk6_BvAmg/0.jpg,12,5
밴드 어깨 뒤로 들어올리기,근력/근지구력,밴드,어깨,유소년,,WRG6W36C7VU,https://www.youtube.com/watch?v=WRG6W36C7VU,https://img.youtube.com/vi/WRG6W36C7VU/0.jpg,12,6
아령 뒤로 들어올리기,근력/근지구력,물병,,유소년,,qj3zLd6yHic,https://www.youtube.com/watch?v=qj3zLd6yHic,https://img.youtube.com/vi/qj3zLd6yHic/0.jpg,12,7
밴드 앞 옆으로 들어올리기,근력/근지구력,맨몸/밴드,어깨,유소년,,a8g7ZyPdGfc,https://www.youtube.com/watch?v=a8g7ZyPdGfc,https://img.youtube.com/vi/a8g7ZyPdGfc/0.jpg,12,8
앉아서 엉덩이 들고 이동하기,근력/근지구력,맨몸,전신,유소년,,nIYbPqFNO4U,https://www.youtube.com/watch?v=nIYbPqFNO4U,https://img.youtube.com/vi/nIYbPqFNO4U/0.jpg,12,9
아령 앞으로 들어올리기,근력/근지구력,물병,위팔앞쪽,유소년,,eKgfqbub0uE,https://www.youtube.com/watch?v=eKgfqbub0uE,https://img.youtube.com/vi/eKgfqbub0uE/0.jpg,12,10
엎드려 상체 들어올리기,근력/근지구력,맨몸,/,유소년,,NcMo93Lp2bs,https://www.youtube.com/watch?v=NcMo93Lp2bs,https://img.youtube.com/vi/NcMo93Lp2bs/0.jpg,12,11
누워서 뒤로 팔굽혀펴기,근력/근지구력,맨몸,어깨/위팔뒤쪽,유소년,,_QdRvkPQ-EE,https://www.youtube.com/watch?v=_QdRvkPQ-EE,https://img.youtube.com/vi/_QdRvkPQ-EE/0.jpg,12,12
정적 스트레칭 루틴프로그램,유연성,맨몸,///,청소년,,AjP1ntmtMQk,https://www.youtube.com/watch?v=AjP1ntmtMQk,https://img.youtube.com/vi/AjP1ntmtMQk/0.jpg,13,1
동적 스트레칭 루틴프로그램,유연성,맨몸,///,청소년,,wKxfDV7j44I,https://www.youtube.com/watch?v=wKxfDV7j44I,https://img.youtube.com/vi/wKxfDV7j44I/0.jpg,13,2
맨몸운동 루틴프로그램,근력/근지구력,맨몸,///,청소년,,8rYcSq4lF20,https://www.youtube.com/watch?v=8rYcSq4lF20,https://img.youtube.com/vi/8rYcSq4lF20/0.jpg,13,3
요가 및 필라테스 루틴프로그램,유연성,맨몸,///,청소년,,irR1kS8vUPs,https://www.youtube.com/watch?v=irR1kS8vUPs,https://img.youtube.com/vi/irR1kS8vUPs/0.jpg,13,4
저항밴드 운동 루틴프로그램,근력/근지구력,밴드,///,청소년,,BI-JCOyZb0o,https://www.youtube.com/watch?v=BI-JCOyZb0o,https://img.youtube.com/vi/BI-JCOyZb0o/0.jpg,13,5
웨이트 트레이닝 루틴프로그램,근력/근지구력,웨이트기계,///,청소년,,8Cy7A9VL5xI,https://www.youtube.com/watch?v=8Cy7A9VL5xI,https://img.youtube.com/vi/8Cy7A9VL5xI/0.jpg,13,6
바운딩 운동 루틴프로그램,민첩성/순발력,맨몸,/,청소년,,dbBOS6XEQcY,https://www.youtube.com/watch?v=dbBOS6XEQcY,https://img.youtube.com/vi/dbBOS6XEQcY/0.jpg,13,7
메디신볼 운동 루틴프로그램,협응력,공,///,청소년,,POn6_6uSNpw,https://www.youtube.com/watch?v=POn6_6uSNpw,https://img.youtube.com/vi/POn6_6uSNpw/0.jpg,13,8
짝 스트레칭 루틴프로그램,유연성,맨몸,/,청소년,,nzn5cX71hUM,https://www.youtube.com/watch?v=nzn5cX71hUM,https://img.youtube.com/vi/nzn5cX71hUM/0.jpg,13,9
사다리 운동 루틴프로그램,민첩성/순발력,사다리,하체,청소년,,w-8hG1ecvXk,https://www.youtube.com/watch?v=w-8hG1ecvXk,https://img.youtube.com/vi/w-8hG1ecvXk/0.jpg,13,10
박스 운동 루틴프로그램,민첩성/순발력,스텝박스,///,청소년,,nmEo2qR-r70,https://www.youtube.com/watch?v=nmEo2qR-r70,https://img.youtube.com/vi/nmEo2qR-r70/0.jpg,13,11
짐볼 운동 루틴프로그램,협응력,짐볼,//,청소년,,EwprpXnHJwI,https://www.youtube.com/watch?v=EwprpXnHJwI,https://img.youtube.com/vi/EwprpXnHJwI/0.jpg,13,12
양발 벌려 무릎 밀어내기,유연성,맨몸,//,청소년,,UdZGUv4wlXY,https://www.youtube.com/watch?v=UdZGUv4wlXY,https://img.youtube.com/vi/UdZGUv4wlXY/0.jpg,14,1
양발 교차하여 서서 몸통 숙이기,유연성,맨몸,허벅지뒤쪽,청소년,,bJtOZVdo5fc,https://www.youtube.com/watch?v=bJtOZVdo5fc,https://img.youtube.com/vi/bJtOZVdo5fc/0.jpg,14,2
엎드려 상체 들어올리기,유연성,맨몸,복부/허리,청소년,,xn8QBBZdqF4,https://www.youtube.com/watch?v=xn8QBBZdqF4,https://img.youtube.com/vi/xn8QBBZdqF4/0.jpg,14,3
온 몸 뻗어주기,유연성,맨몸,///,청소년,,baeEwhAaAcw,https://www.youtube.com/watch?v=baeEwhAaAcw,https://img.youtube.com/vi/baeEwhAaAcw/0.jpg,14,4
다리모아 무릎 누르기,유연성,맨몸,/,청소년,,ETIxjvO9jIA,https://www.youtube.com/watch?v=ETIxjvO9jIA,https://img.youtube.com/vi/ETIxjvO9jIA/0.jpg,14,5
누워 발목 당겨주기,유연성,맨몸,허벅지앞쪽,청소년,,UJw4Ygz2Hv8,https://www.youtube.com/watch?v=UJw4Ygz2Hv8,https://img.youtube.com/vi/UJw4Ygz2Hv8/0.jpg,14,6
서서 발목 뒤로 당기기,유연성,맨몸,허벅지앞쪽,청소년,,RYn1twwWtqM,https://www.youtube.com/watch?v=RYn1twwWtqM,https://img.youtube.com/vi/RYn1twwWtqM/0.jpg,14,7
서서 발목 누르기,유연성,맨몸,종아리뒤쪽,청소년,,jq3VnBfOwoY,https://www.youtube.com/watch?v=jq3VnBfOwoY,https://img.youtube.com/vi/jq3VnBfOwoY/0.jpg,14,8
의자에 앉아 옆구리 숙이기,유연성,의자,몸통,청소년,,oCC0g9Snqps,https://www.youtube.com/watch?v=oCC0g9Snqps,https://img.youtube.com/vi/oCC0g9Snqps/0.jpg,14,9
무릎당겨 다리 올리기,유연성,맨몸,//,청소년,,OaCKyOroRzQ,https://www.youtube.com/watch?v=OaCKyOroRzQ,https://img.youtube.com/vi/OaCKyOroRzQ/0.jpg,14,10
다리뻗어 상체 숙이기,유연성,맨몸,허벅지앞쪽/종아리뒤쪽,청소년,,9wnZBWk0nr8,https://www.youtube.com/watch?v=9wnZBWk0nr8,https://img.youtube.com/vi/9wnZBWk0nr8/0.jpg,14,11
무릎 당겨올리기,유연성,의자,/,청소년,,3thojLBe9OY,https://www.youtube.com/watch?v=3thojLBe9OY,https://img.youtube.com/vi/3thojLBe9OY/0.jpg,14,12
몸통 스트레칭,유연성,맨몸,몸통/둔부,청소년,,P541qzMUzqI,https://www.youtube.com/watch?v=P541qzMUzqI,https://img.youtube.com/vi/P541qzMUzqI/0.jpg,15,1
옆구리 스트레칭,유연성,맨몸,몸통,청소년,,pkjirZ3ZH0w,https://www.youtube.com/watch?v=pkjirZ3ZH0w,https://img.youtube.com/vi/pkjirZ3ZH0w/0.jpg,15,2
척추 들어올리기,유연성,맨몸,허리,청소년,,wlzouLNjZnc,https://www.youtube.com/watch?v=wlzouLNjZnc,https://img.youtube.com/vi/wlzouLNjZnc/0.jpg,15,3
서서 한팔 들어 오른쪽 왼쪽 뻗기,유연성,맨몸,몸통,청소년,,Q2luEQI8n_g,https://www.youtube.com/watch?v=Q2luEQI8n_g,https://img.youtube.com/vi/Q2luEQI8n_g/0.jpg,15,4
의자에 앉아 가슴 몸통 말아주기,유연성,의자,허리,청소년,,u-4PKzw0gbk,https://www.youtube.com/watch?v=u-4PKzw0gbk,https://img.youtube.com/vi/u-4PKzw0gbk/0.jpg,15,5
팔꿈치 머리 뒤로 젖히기,유연성,맨몸,어깨측면/위팔뒤쪽,청소년,,P57sd08iiZg,https://www.youtube.com/watch?v=P57sd08iiZg,https://img.youtube.com/vi/P57sd08iiZg/0.jpg,15,6
다리굽혀 허리 비틀기,유연성,맨몸,몸통,청소년,,T9DeIorl-UA,https://www.youtube.com/watch?v=T9DeIorl-UA,https://img.youtube.com/vi/T9DeIorl-UA/0.jpg,15,7
목 당기기,유연성,맨몸,목,청소년,,ekjrE3rt4wA,https://www.youtube.com/watch?v=ekjrE3rt4wA,https://img.youtube.com/vi/ekjrE3rt4wA/0.jpg,15,8
깍지끼고 목 들어올리기,유연성,맨몸,목/어깨측면,청소년,,ZHK8lJXGUaw,https://www.youtube.com/watch?v=ZHK8lJXGUaw,https://img.youtube.com/vi/ZHK8lJXGUaw/0.jpg,15,9
의자에 앉아 몸통비틀기,유연성,의자,//,청소년,,nqvDfch6Nak,https://www.youtube.com/watch?v=nqvDfch6Nak,https://img.youtube.com/vi/nqvDfch6Nak/0.jpg,15,10
한발들어 좌우 돌리기,유연성,맨몸,/,청소년,,1cfaNDv7zxE,https://www.youtube.com/watch?v=1cfaNDv7zxE,https://img.youtube.com/vi/1cfaNDv7zxE/0.jpg,15,11
의자에 앉아 가슴 뒤로 젖히기,유연성,의자,/,청소년,,QURU9hZBpxY,https://www.youtube.com/watch?v=QURU9hZBpxY,https://img.youtube.com/vi/QURU9hZBpxY/0.jpg,15,12
무릎굽혀 원 그리기,유연성,맨몸,/,청소년,,D6K8cstq2vA,https://www.youtube.com/watch?v=D6K8cstq2vA,https://img.youtube.com/vi/D6K8cstq2vA/0.jpg,16,1
전신 비틀며 전진하기,유연성,맨몸,//,청소년,,ij_VejOk_qk,https://www.youtube.com/watch?v=ij_VejOk_qk,https://img.youtube.com/vi/ij_VejOk_qk/0.jpg,16,2
허리숙여 양팔 돌리기,유연성,맨몸,/,청소년,,E4JM5JyfUo0,https://www.youtube.com/watch?v=E4JM5JyfUo0,https://img.youtube.com/vi/E4JM5JyfUo0/0.jpg,16,3
자세낮춰 이동하기,유연성,맨몸,//,청소년,,JOiQ_4pKn10,https://www.youtube.com/watch?v=JOiQ_4pKn10,https://img.youtube.com/vi/JOiQ_4pKn10/0.jpg,16,4
빠르게 무릎 올려 찍기,유연성,맨몸,//,청소년,,TlbhGjLiVW8,https://www.youtube.com/watch?v=TlbhGjLiVW8,https://img.youtube.com/vi/TlbhGjLiVW8/0.jpg,16,5
전진 점프하며 발바닥 찍기,유연성,맨몸,허벅지앞쪽/종아리뒤쪽,청소년,,B-3vcZl8CEs,https://www.youtube.com/watch?v=B-3vcZl8CEs,https://img.youtube.com/vi/B-3vcZl8CEs/0.jpg,16,6
전진 점프하며 발 뒤꿈치 찍기,유연성,맨몸,허벅지앞쪽/종아리뒤쪽,청소년,,2-K0RagzhNA,https://www.youtube.com/watch?v=2-K0RagzhNA,https://img.youtube.com/vi/2-K0RagzhNA/0.jpg,16,7
팔 돌리며 점프하기,유연성,맨몸,전신,청소년,,l3M5DazLqH4,https://www.youtube.com/watch?v=l3M5DazLqH4,https://img.youtube.com/vi/l3M5DazLqH4/0.jpg,16,8
다리 들어올리기,유연성,맨몸,///,청소년,,nvNF5RVOcF0,https://www.youtube.com/watch?v=nvNF5RVOcF0,https://img.youtube.com/vi/nvNF5RVOcF0/0.jpg,16,9
네발 걷기,유연성,맨몸,/,청소년,,YvYyEENTErI,https://www.youtube.com/watch?v=YvYyEENTErI,https://img.youtube.com/vi/YvYyEENTErI/0.jpg,16,10
옆으로 팔 벌리며 점프하기,유연성,맨몸,/,청소년,,li5_o-mrmY4,https://www.youtube.com/watch?v=li5_o-mrmY4,https://img.youtube.com/vi/li5_o-mrmY4/0.jpg,16,11
다리벌려 풍차돌기,유연성,맨몸,//,청소년,,kIZZ3-hb5I4,https://www.youtube.com/watch?v=kIZZ3-hb5I4,https://img.youtube.com/vi/kIZZ3-hb5I4/0.jpg,16,12
팔꿈치 원 그리기,유연성,맨몸,어깨측면,청소년,,aIrdUGoI32I,https://www.youtube.com/watch?v=aIrdUGoI32I,https://img.youtube.com/vi/aIrdUGoI32I/0.jpg,17,1
목 돌리기,유연성,맨몸,목,청소년,,-UCNGXY5n-k,https://www.youtube.com/watch?v=-UCNGXY5n-k,https://img.youtube.com/vi/-UCNGXY5n-k/0.jpg,17,2
상체 앞으로 숙이기,유연성,맨몸,허벅지뒤쪽,청소년,,16kBnjtxKqA,https://www.youtube.com/watch?v=16kBnjtxKqA,https://img.youtube.com/vi/16kBnjtxKqA/0.jpg,17,3
다리들어 옆으로 올리기,유연성,맨몸,허벅지내측/허벅지외측,청소년,,ff6z_bS-75g,https://www.youtube.com/watch?v=ff6z_bS-75g,https://img.youtube.com/vi/ff6z_bS-75g/0.jpg,17,4
무릎 들어올리기,유연성,맨몸,/,청소년,,JZctdEOGJss,https://www.youtube.com/watch?v=JZctdEOGJss,https://img.youtube.com/vi/JZctdEOGJss/0.jpg,17,5
앉아서 상체 앞 옆으로 기울기,유연성,맨몸,허벅지뒤쪽,청소년,,tgLv_XlFm90,https://www.youtube.com/watch?v=tgLv_XlFm90,https://img.youtube.com/vi/tgLv_XlFm90/0.jpg,17,6
엉덩이 늘리기,유연성,맨몸,,청소년,,L4mQHcwZk1E,https://www.youtube.com/watch?v=L4mQHcwZk1E,https://img.youtube.com/vi/L4mQHcwZk1E/0.jpg,17,7
한쪽 다리펴고 상체 숙이기,유연성,맨몸,허벅지뒤쪽,청소년,,VzTSZ5IR6T4,https://www.youtube.com/watch?v=VzTSZ5IR6T4,https://img.youtube.com/vi/VzTSZ5IR6T4/0.jpg,17,8
마주보고 상체 좌우 비틀기,유연성,맨몸,/,청소년,,xY8usGtw0c4,https://www.youtube.com/watch?v=xY8usGtw0c4,https://img.youtube.com/vi/xY8usGtw0c4/0.jpg,17,9
발등 동시에 늘리기,유연성,맨몸,종아리앞쪽,청소년,,Sb3tMyCv-LI,https://www.youtube.com/watch?v=Sb3tMyCv-LI,https://img.youtube.com/vi/Sb3tMyCv-LI/0.jpg,17,10
웅크리고 앉아 손잡고 상체 숙이기,유연성,맨몸,,청소년,,3TVzVGyBYyQ,https://www.youtube.com/watch?v=3TVzVGyBYyQ,https://img.youtube.com/vi/3TVzVGyBYyQ/0.jpg,17,11
마주보고 종아리 펴기,유연성,맨몸,종아리뒤쪽,청소년,,KdMbFfuqKDo,https://www.youtube.com/watch?v=KdMbFfuqKDo,https://img.youtube.com/vi/KdMbFfuqKDo/0.jpg,17,12
몸통 비틀기,유연성,맨몸,몸통,청소년,,lSqDCbT04_U,https://www.youtube.com/watch?v=lSqDCbT04_U,https://img.youtube.com/vi/lSqDCbT04_U/0.jpg,18,1
팔 당기기,유연성,맨몸,어깨측면/위팔앞쪽,청소년,,gXUCHOXzDQA,https://www.youtube.com/watch?v=gXUCHOXzDQA,https://img.youtube.com/vi/gXUCHOXzDQA/0.jpg,18,2
시소우,유연성,맨몸,//,청소년,,bGoseV7XdYg,https://www.youtube.com/watch?v=bGoseV7XdYg,https://img.youtube.com/vi/bGoseV7XdYg/0.jpg,18,3
나무자세,유연성,맨몸,//,청소년,,o9rVEWJmw04,https://www.youtube.com/watch?v=o9rVEWJmw04,https://img.youtube.com/vi/o9rVEWJmw04/0.jpg,18,4
겨드랑이 늘리기,유연성,맨몸,어깨측면/위팔뒤쪽,청소년,,wDkTrB_vqhQ,https://www.youtube.com/watch?v=wDkTrB_vqhQ,https://img.youtube.com/vi/wDkTrB_vqhQ/0.jpg,18,5
어깨 누르기,유연성,맨몸,어깨측면/위팔앞쪽,청소년,,Am7pXgHCeEc,https://www.youtube.com/watch?v=Am7pXgHCeEc,https://img.youtube.com/vi/Am7pXgHCeEc/0.jpg,18,6
목 스트레칭,유연성,맨몸,목,청소년,,J_AwzVFuq9Q,https://www.youtube.com/watch?v=J_AwzVFuq9Q,https://img.youtube.com/vi/J_AwzVFuq9Q/0.jpg,18,7
측면 팔대고 버티기,유연성,맨몸,/,청소년,,gcnHubO58_w,https://www.youtube.com/watch?v=gcnHubO58_w,https://img.youtube.com/vi/gcnHubO58_w/0.jpg,18,8
레그 스윙,유연성,맨몸,//,청소년,,SIBvVDXxgJE,https://www.youtube.com/watch?v=SIBvVDXxgJE,https://img.youtube.com/vi/SIBvVDXxgJE/0.jpg,18,9
가슴 어깨 펴기,유연성,맨몸,/,청소년,,x9pZHUdv3NI,https://www.youtube.com/watch?v=x9pZHUdv3NI,https://img.youtube.com/vi/x9pZHUdv3NI/0.jpg,18,10
스타 투 니 풀,유연성,맨몸,/,청소년,,2qLcXILOz8o,https://www.youtube.com/watch?v=2qLcXILOz8o,https://img.youtube.com/vi/2qLcXILOz8o/0.jpg,18,11
나란히 서서 손잡고 끌어당기기,유연성,맨몸,/,청소년,,MYL1mKEcENU,https://www.youtube.com/watch?v=MYL1mKEcENU,https://img.youtube.com/vi/MYL1mKEcENU/0.jpg,18,12
전사자세,유연성,맨몸,//,청소년,,9NFqY-70xG0,https://www.youtube.com/watch?v=9NFqY-70xG0,https://img.youtube.com/vi/9NFqY-70xG0/0.jpg,19,1
합장하여 앞으로 숙이기,유연성,맨몸,//,청소년,,h9VaKq1NgzA,https://www.youtube.com/watch?v=h9VaKq1NgzA,https://img.youtube.com/vi/h9VaKq1NgzA/0.jpg,19,2
휴식자세,유연성,맨몸,전신,청소년,,fSBlJv9LtTo,https://www.youtube.com/watch?v=fSBlJv9LtTo,https://img.youtube.com/vi/fSBlJv9LtTo/0.jpg,19,3
아기자세,유연성,맨몸,/,청소년,,7SaM81FwOaM,https://www.youtube.com/watch?v=7SaM81FwOaM,https://img.youtube.com/vi/7SaM81FwOaM/0.jpg,19,4
앉은 산 자세,유연성,맨몸,//,청소년,,v9sTf7ZrVc,https://www.youtube.com/watch?v=v9sTf7ZrVc,https://img.youtube.com/vi/v9sTf7ZrVc/0.jpg,19,5
소머리 자세,유연성,맨몸,//,청소년,,OkP9Af1oi6Q,https://www.youtube.com/watch?v=OkP9Af1oi6Q,https://img.youtube.com/vi/OkP9Af1oi6Q/0.jpg,19,6
전갈자세,유연성,맨몸,//,청소년,,ew0FGfiNo7E,https://www.youtube.com/watch?v=ew0FGfiNo7E,https://img.youtube.com/vi/ew0FGfiNo7E/0.jpg,19,7
회전 초승달 자세,유연성,맨몸,/,청소년,,FaHlSUzemwE,https://www.youtube.com/watch?v=FaHlSUzemwE,https://img.youtube.com/vi/FaHlSUzemwE/0.jpg,19,8
왜가리 자세,유연성,맨몸,//,청소년,,E39duPLfufI,https://www.youtube.com/watch?v=E39duPLfufI,https://img.youtube.com/vi/E39duPLfufI/0.jpg,19,9
결가부좌,유연성,맨몸,//,청소년,,qN3SBclxZJI,https://www.youtube.com/watch?v=qN3SBclxZJI,https://img.youtube.com/vi/qN3SBclxZJI/0.jpg,19,10
다리자세,유연성,맨몸,//,청소년,,A0E7DRnQ_Q4,https://www.youtube.com/watch?v=A0E7DRnQ_Q4,https://img.youtube.com/vi/A0E7DRnQ_Q4/0.jpg,19,11
모관운동,유연성,맨몸,//,청소년,,HaMZOnbpNpg,https://www.youtube.com/watch?v=HaMZOnbpNpg,https://img.youtube.com/vi/HaMZOnbpNpg/0.jpg,19,12
고양이 자세,유연성,맨몸,/,청소년,,gMSjGShXau0,https://www.youtube.com/watch?v=gMSjGShXau0,https://img.youtube.com/vi/gMSjGShXau0/0.jpg,20,1
복식호흡,유연성,맨몸,복부,청소년,,mZTd06yXVT0,https://www.youtube.com/watch?v=mZTd06yXVT0,https://img.youtube.com/vi/mZTd06yXVT0/0.jpg,20,2
나비자세,유연성,맨몸,허벅지앞쪽/허벅지내측,청소년,,JtYg2OKbNyY,https://www.youtube.com/watch?v=JtYg2OKbNyY,https://img.youtube.com/vi/JtYg2OKbNyY/0.jpg,20,3
반달자세,유연성,맨몸,몸통,청소년,,jcIP1dSsFxY,https://www.youtube.com/watch?v=jcIP1dSsFxY,https://img.youtube.com/vi/jcIP1dSsFxY/0.jpg,20,4
발목 돌리기,유연성,맨몸,허벅지뒤쪽/종아리앞쪽,청소년,,sVESU0zsN8M,https://www.youtube.com/watch?v=sVESU0zsN8M,https://img.youtube.com/vi/sVESU0zsN8M/0.jpg,20,5
발 끝 당기기,유연성,맨몸,종아리,청소년,,njziTUqaACU,https://www.youtube.com/watch?v=njziTUqaACU,https://img.youtube.com/vi/njziTUqaACU/0.jpg,20,6
런지하며 상체 비틀기,근력/근지구력,밴드,/,청소년,,bOM-pdr24kE,https://www.youtube.com/watch?v=bOM-pdr24kE,https://img.youtube.com/vi/bOM-pdr24kE/0.jpg,20,7
팔 들어 올리며 런지,근력/근지구력,밴드,//,청소년,,vcsuFADyX5k,https://www.youtube.com/watch?v=vcsuFADyX5k,https://img.youtube.com/vi/vcsuFADyX5k/0.jpg,20,8
앉았다 일어서며 팔 들어올리기,근력/근지구력,밴드,/,청소년,,wwiseQa4ea4,https://www.youtube.com/watch?v=wwiseQa4ea4,https://img.youtube.com/vi/wwiseQa4ea4/0.jpg,20,9
누워 한발 원 그리기,유연성,맨몸,허벅지내측,청소년,,YuaaitvaPTk,https://www.youtube.com/watch?v=YuaaitvaPTk,https://img.youtube.com/vi/YuaaitvaPTk/0.jpg,20,10
물고기 자세,유연성,맨몸,몸통/등,청소년,,-FEkhKrOibI,https://www.youtube.com/watch?v=-FEkhKrOibI,https://img.youtube.com/vi/-FEkhKrOibI/0.jpg,20,11
엎드려 한발 원 그리기,유연성,맨몸,/,청소년,,V_QyTCcKpbY,https://www.youtube.com/watch?v=V_QyTCcKpbY,https://img.youtube.com/vi/V_QyTCcKpbY/0.jpg,20,12
옆으로 굽히기,근력/근지구력,밴드,등/몸통,청소년,,jI_cfentmYY,https://www.youtube.com/watch?v=jI_cfentmYY,https://img.youtube.com/vi/jI_cfentmYY/0.jpg,21,1
앉아서 무릎 굽히기,근력/근지구력,밴드,허벅지뒤쪽,청소년,,-L-MzlMAxFo,https://www.youtube.com/watch?v=-L-MzlMAxFo,https://img.youtube.com/vi/-L-MzlMAxFo/0.jpg,21,2
팔꿈치 고정 후 벌리기,근력/근지구력,밴드,어깨측면/위팔앞쪽,청소년,,dke75bdV9F0,https://www.youtube.com/watch?v=dke75bdV9F0,https://img.youtube.com/vi/dke75bdV9F0/0.jpg,21,3
한 발 들어올리기,근력/근지구력,밴드,허벅지외측,청소년,,Ikbt7w7SFwk,https://www.youtube.com/watch?v=Ikbt7w7SFwk,https://img.youtube.com/vi/Ikbt7w7SFwk/0.jpg,21,4
양팔 크게 벌리기,근력/근지구력,밴드,/,청소년,,FAJU6F7lusU,https://www.youtube.com/watch?v=FAJU6F7lusU,https://img.youtube.com/vi/FAJU6F7lusU/0.jpg,21,5
앉아서 다리 올리기,근력/근지구력,밴드,허벅지앞쪽,청소년,,-w1qoYbzKtM,https://www.youtube.com/watch?v=-w1qoYbzKtM,https://img.youtube.com/vi/-w1qoYbzKtM/0.jpg,21,6
상체 감아올리기,근력/근지구력,밴드,복부,청소년,,rUcEA_Qk8R8,https://www.youtube.com/watch?v=rUcEA_Qk8R8,https://img.youtube.com/vi/rUcEA_Qk8R8/0.jpg,21,7
한 발 뒤로 들어올리기,근력/근지구력,밴드,//,청소년,,kz5XRTGXDbM,https://www.youtube.com/watch?v=kz5XRTGXDbM,https://img.youtube.com/vi/kz5XRTGXDbM/0.jpg,21,8
뒤로 팔 뻗기,근력/근지구력,밴드,어깨뒤쪽,청소년,,MLucwQQhV7w,https://www.youtube.com/watch?v=MLucwQQhV7w,https://img.youtube.com/vi/MLucwQQhV7w/0.jpg,21,9
발에 밴드걸고 윗몸일으키기,근력/근지구력,밴드,복부,청소년,,vcsuFADyX5k,https://www.youtube.com/watch?v=vcsuFADyX5k,https://img.youtube.com/vi/vcsuFADyX5k/0.jpg,21,10
한 발 끌어당기기,근력/근지구력,밴드,허벅지내측,청소년,,CFCe-9XoOGY,https://www.youtube.com/watch?v=CFCe-9XoOGY,https://img.youtube.com/vi/CFCe-9XoOGY/0.jpg,21,11
다리 감아올리기,근력/근지구력,밴드,복부,청소년,,TEPwppVaXOI,https://www.youtube.com/watch?v=TEPwppVaXOI,https://img.youtube.com/vi/TEPwppVaXOI/0.jpg,21,12
버피 테스트,근력/근지구력,맨몸,//,청소년,,pTtqoa8qCKw,https://www.youtube.com/watch?v=pTtqoa8qCKw,https://img.youtube.com/vi/pTtqoa8qCKw/0.jpg,22,1
크런치 사이클,근력/근지구력,맨몸,//,청소년,,UGgk7Jw_f1U,https://www.youtube.com/watch?v=UGgk7Jw_f1U,https://img.youtube.com/vi/UGgk7Jw_f1U/0.jpg,22,2
앉았다 일어서기,근력/근지구력,웨이트기계,//,청소년,,fGZmGAxlD_M,https://www.youtube.com/watch?v=fGZmGAxlD_M,https://img.youtube.com/vi/fGZmGAxlD_M/0.jpg,22,3
몸통 옆으로 굽히기,근력/근지구력,웨이트기계,몸통,청소년,,LfKv0eYnuOY,https://www.youtube.com/watch?v=LfKv0eYnuOY,https://img.youtube.com/vi/LfKv0eYnuOY/0.jpg,22,4
앉아서 당겨 내리기,근력/근지구력,웨이트기계,/,청소년,,pNaLUUsmwbo,https://www.youtube.com/watch?v=pNaLUUsmwbo,https://img.youtube.com/vi/pNaLUUsmwbo/0.jpg,22,5
앉아서 양팔 당기기,근력/근지구력,웨이트기계,,청소년,,0SAWlcoMj2U,https://www.youtube.com/watch?v=0SAWlcoMj2U,https://img.youtube.com/vi/0SAWlcoMj2U/0.jpg,22,6
앉아서 다리 펴기,근력/근지구력,웨이트기계,허벅지앞쪽,청소년,,_zAgw6exWvE,https://www.youtube.com/watch?v=_zAgw6exWvE,https://img.youtube.com/vi/_zAgw6exWvE/0.jpg,22,7
누워서 팔 밀기,근력/근지구력,웨이트기계,/,청소년,,GBarzQdL1ts,https://www.youtube.com/watch?v=GBarzQdL1ts,https://img.youtube.com/vi/GBarzQdL1ts/0.jpg,22,8
앉아서 가슴 모으기,근력/근지구력,웨이트기계,/,청소년,,Gdvoe78BZgc,https://www.youtube.com/watch?v=Gdvoe78BZgc,https://img.youtube.com/vi/Gdvoe78BZgc/0.jpg,22,9
누워서 다리 굽히기,근력/근지구력,웨이트기계,허벅지뒤쪽,청소년,,H2NIwkEiSCo,https://www.youtube.com/watch?v=H2NIwkEiSCo,https://img.youtube.com/vi/H2NIwkEiSCo/0.jpg,22,10
앉아서 몸통 움츠리기,근력/근지구력,웨이트기계,복부,청소년,,hsZnZO475IE,https://www.youtube.com/watch?v=hsZnZO475IE,https://img.youtube.com/vi/hsZnZO475IE/0.jpg,22,11
다리 넓게 벌려 앉았다 일어서기,근력/근지구력,웨이트기계,허벅지내측,청소년,,TmR7iEcnUt8,https://www.youtube.com/watch?v=TmR7iEcnUt8,https://img.youtube.com/vi/TmR7iEcnUt8/0.jpg,22,12
전완대고 버티기,근력/근지구력,맨몸,//,청소년,,as-bA6n799M,https://www.youtube.com/watch?v=as-bA6n799M,https://img.youtube.com/vi/as-bA6n799M/0.jpg,23,1
윗몸 일으키기,근력/근지구력,맨몸,,청소년,,yy5_zfTSuVg,https://www.youtube.com/watch?v=yy5_zfTSuVg,https://img.youtube.com/vi/yy5_zfTSuVg/0.jpg,23,2
몸통 들어올리기,근력/근지구력,맨몸,//,청소년,,dFSpHOh1j8Q,https://www.youtube.com/watch?v=dFSpHOh1j8Q,https://img.youtube.com/vi/dFSpHOh1j8Q/0.jpg,23,3
앉았다 일어서기,근력/근지구력,맨몸,/,청소년,,vuhFot3rABE,https://www.youtube.com/watch?v=vuhFot3rABE,https://img.youtube.com/vi/vuhFot3rABE/0.jpg,23,4
앞굽이 앉았다 일어서기,근력/근지구력,맨몸,/,청소년,,rgKPttoiNJs,https://www.youtube.com/watch?v=rgKPttoiNJs,https://img.youtube.com/vi/rgKPttoiNJs/0.jpg,23,5
팔다리 교차 버티기,근력/근지구력,맨몸,//,청소년,,zgHj7pnq7B4,https://www.youtube.com/watch?v=zgHj7pnq7B4,https://img.youtube.com/vi/zgHj7pnq7B4/0.jpg,23,6
발 바꿔 뛰기,근력/근지구력,맨몸,//,청소년,,UKsMMfmd7_o,https://www.youtube.com/watch?v=UKsMMfmd7_o,https://img.youtube.com/vi/UKsMMfmd7_o/0.jpg,23,7
엎드려 팔다리 교차올리기,근력/근지구력,맨몸,/,청소년,,PnDUsgRitJ0,https://www.youtube.com/watch?v=PnDUsgRitJ0,https://img.youtube.com/vi/PnDUsgRitJ0/0.jpg,23,8
연속 사이드 스쿼드,근력/근지구력,맨몸,/,청소년,,n2lX8Dz__PU,https://www.youtube.com/watch?v=n2lX8Dz__PU,https://img.youtube.com/vi/n2lX8Dz__PU/0.jpg,23,9
손 뻗어 윗몸 일으키기,근력/근지구력,맨몸,복부/몸통,청소년,,IDZ8XwriXkQ,https://www.youtube.com/watch?v=IDZ8XwriXkQ,https://img.youtube.com/vi/IDZ8XwriXkQ/0.jpg,23,10
다리 뻗어 올리기,근력/근지구력,맨몸,허벅지앞쪽,청소년,,KONKuIKu2lc,https://www.youtube.com/watch?v=KONKuIKu2lc,https://img.youtube.com/vi/KONKuIKu2lc/0.jpg,23,11
누워 무릎 기울기,근력/근지구력,맨몸,복부/몸통,청소년,,D-zUdZ-xzGs,https://www.youtube.com/watch?v=D-zUdZ-xzGs,https://img.youtube.com/vi/D-zUdZ-xzGs/0.jpg,23,12
팔굽혀 펴기,근력/근지구력,맨몸,//,청소년,,QdEzjA3RzYY,https://www.youtube.com/watch?v=QdEzjA3RzYY,https://img.youtube.com/vi/QdEzjA3RzYY/0.jpg,24,1
누워 다리 들어올리기,근력/근지구력,맨몸,복부/허리,청소년,,FBbAIdQnuxE,https://www.youtube.com/watch?v=FBbAIdQnuxE,https://img.youtube.com/vi/FBbAIdQnuxE/0.jpg,24,2
뒤로 팔굽혀펴기,근력/근지구력,맨몸,어깨측면/위팔뒤쪽,청소년,,Cp2cbnP4WJQ,https://www.youtube.com/watch?v=Cp2cbnP4WJQ,https://img.youtube.com/vi/Cp2cbnP4WJQ/0.jpg,24,3
바로서서 상체 숙이기,근력/근지구력,맨몸,,청소년,,pRkHswoTbro,https://www.youtube.com/watch?v=pRkHswoTbro,https://img.youtube.com/vi/pRkHswoTbro/0.jpg,24,4
V자 싸이클,근력/근지구력,맨몸,복부,청소년,,L-buLs6yyvg,https://www.youtube.com/watch?v=L-buLs6yyvg,https://img.youtube.com/vi/L-buLs6yyvg/0.jpg,24,5
짐볼 전완대고 버티기,협응력,짐볼,복부/허리,청소년,,AQReD1zHx_k,https://www.youtube.com/watch?v=AQReD1zHx_k,https://img.youtube.com/vi/AQReD1zHx_k/0.jpg,24,6
다리 교대로 들어올리기,협응력,짐볼,복부/몸통,청소년,,nLo057SU6gg,https://www.youtube.com/watch?v=nLo057SU6gg,https://img.youtube.com/vi/nLo057SU6gg/0.jpg,24,7
의자에 앉아 물병 들고 몸통 돌리기,근력/근지구력,물병,복부,청소년,,mmC04HOVYKc,https://www.youtube.com/watch?v=mmC04HOVYKc,https://img.youtube.com/vi/mmC04HOVYKc/0.jpg,24,8
백 슬라이드,협응력,짐볼,/,청소년,,FVBBoEBofyk,https://www.youtube.com/watch?v=FVBBoEBofyk,https://img.youtube.com/vi/FVBBoEBofyk/0.jpg,24,9
짐볼 윗몸일으키기,협응력,짐볼,복부/몸통,청소년,,FG4fgAVaIuw,https://www.youtube.com/watch?v=FG4fgAVaIuw,https://img.youtube.com/vi/FG4fgAVaIuw/0.jpg,24,10
양손 모아 균형 잡기,협응력,짐볼,,청소년,,7x1f5Vw9z2Y,https://www.youtube.com/watch?v=7x1f5Vw9z2Y,https://img.youtube.com/vi/7x1f5Vw9z2Y/0.jpg,24,11
짐볼 배에 대고 버티기,협응력,짐볼,복부/등/허리,청소년,,ceGY9Aj9VEI,https://www.youtube.com/watch?v=ceGY9Aj9VEI,https://img.youtube.com/vi/ceGY9Aj9VEI/0.jpg,24,12
수영,심폐지구력,수중운동,전신,청소년,,ECcwk8pYwnM,https://www.youtube.com/watch?v=ECcwk8pYwnM,https://img.youtube.com/vi/ECcwk8pYwnM/0.jpg,25,1
메디신 볼 잡고 런지하며 상체비틀기,협응력,공,/,청소년,,Nao01R4933o,https://www.youtube.com/watch?v=Nao01R4933o,https://img.youtube.com/vi/Nao01R4933o/0.jpg,25,2
메디신 볼 잡고 팔굽혀펴기,협응력,공,//,청소년,,vNYnHTneaWg,https://www.youtube.com/watch?v=vNYnHTneaWg,https://img.youtube.com/vi/vNYnHTneaWg/0.jpg,25,3
종아리 사이 감아 돌리기,협응력,공,//,청소년,,J0nD1LVqH4c,https://www.youtube.com/watch?v=J0nD1LVqH4c,https://img.youtube.com/vi/J0nD1LVqH4c/0.jpg,25,4
볼 잡고 점프하기,협응력,공,//,청소년,,2_zjFKCaHpw,https://www.youtube.com/watch?v=2_zjFKCaHpw,https://img.youtube.com/vi/2_zjFKCaHpw/0.jpg,25,5
볼 튕기면서 스쿼트,협응력,공,//,청소년,,xPkHrz-hhxo,https://www.youtube.com/watch?v=xPkHrz-hhxo,https://img.youtube.com/vi/xPkHrz-hhxo/0.jpg,25,6
양발 교차 올리기,협응력,짐볼,/,청소년,,BRg2g_LmpZk,https://www.youtube.com/watch?v=BRg2g_LmpZk,https://img.youtube.com/vi/BRg2g_LmpZk/0.jpg,25,7
허리 비틀어 볼 주고받기,협응력,공,복부/몸통,청소년,,Ep0y6bHJdzE,https://www.youtube.com/watch?v=Ep0y6bHJdzE,https://img.youtube.com/vi/Ep0y6bHJdzE/0.jpg,25,8
누워 무릎 교차 올리기,협응력,짐볼,/,청소년,,g6dvWSqiRG8,https://www.youtube.com/watch?v=g6dvWSqiRG8,https://img.youtube.com/vi/g6dvWSqiRG8/0.jpg,25,9
허리 감아 볼 돌리기,협응력,공,어깨측면/위팔앞쪽,청소년,,nNNKJyUoUtc,https://www.youtube.com/watch?v=nNNKJyUoUtc,https://img.youtube.com/vi/nNNKJyUoUtc/0.jpg,25,10
볼 잡고 몸통 기울이기,협응력,공,/,청소년,,MtFaiiF6Ps8,https://www.youtube.com/watch?v=MtFaiiF6Ps8,https://img.youtube.com/vi/MtFaiiF6Ps8/0.jpg,25,11
머리 위로 볼 돌리기,협응력,공,/,청소년,,5lIHcPM93FY,https://www.youtube.com/watch?v=5lIHcPM93FY,https://img.youtube.com/vi/5lIHcPM93FY/0.jpg,25,12
조깅,심폐지구력,맨몸,전신,청소년,,RpSDn8NCm04,https://www.youtube.com/watch?v=RpSDn8NCm04,https://img.youtube.com/vi/RpSDn8NCm04/0.jpg,26,1
걷기,심폐지구력,맨몸,하체,청소년,,_KSiQqsgKVc,https://www.youtube.com/watch?v=_KSiQqsgKVc,https://img.youtube.com/vi/_KSiQqsgKVc/0.jpg,26,2
줄넘기 운동,심폐지구력,줄넘기,하체,청소년,,LzpiFYj3pC8,https://www.youtube.com/watch?v=LzpiFYj3pC8,https://img.youtube.com/vi/LzpiFYj3pC8/0.jpg,26,3
자전거타기,심폐지구력,자전거,하체,청소년,,eWnb9H-GS2Y,https://www.youtube.com/watch?v=eWnb9H-GS2Y,https://img.youtube.com/vi/eWnb9H-GS2Y/0.jpg,26,4
빠르게 앞무릎 올리기,민첩성/순발력,스텝박스,하체,청소년,,NVjWPGvUyCs,https://www.youtube.com/watch?v=NVjWPGvUyCs,https://img.youtube.com/vi/NVjWPGvUyCs/0.jpg,26,5
좌우 이동하며 팔굽혀펴기,민첩성/순발력,스텝박스,상체,청소년,,HEXaFDYP-Kw,https://www.youtube.com/watch?v=HEXaFDYP-Kw,https://img.youtube.com/vi/HEXaFDYP-Kw/0.jpg,26,6
한발로 점프하기,민첩성/순발력,스텝박스,하체,청소년,,b61cDTnQ4Eg,https://www.youtube.com/watch?v=b61cDTnQ4Eg,https://img.youtube.com/vi/b61cDTnQ4Eg/0.jpg,26,7
팔굽혀펴기 후 점프하기,민첩성/순발력,스텝박스,전신,청소년,,8u0wqVq2Vkk,https://www.youtube.com/watch?v=8u0wqVq2Vkk,https://img.youtube.com/vi/8u0wqVq2Vkk/0.jpg,26,8
좌우 양발모아 점프하기,민첩성/순발력,스텝박스,하체,청소년,,KTcf_Z6-IUc,https://www.youtube.com/watch?v=KTcf_Z6-IUc,https://img.youtube.com/vi/KTcf_Z6-IUc/0.jpg,26,9
연속 상향 점프하기,민첩성/순발력,스텝박스,하체,청소년,,1E_yysU93aU,https://www.youtube.com/watch?v=1E_yysU93aU,https://img.youtube.com/vi/1E_yysU93aU/0.jpg,26,10
사이드 스텝 점프하기,민첩성/순발력,스텝박스,하체,청소년,,id47Irq6AZA,https://www.youtube.com/watch?v=id47Irq6AZA,https://img.youtube.com/vi/id47Irq6AZA/0.jpg,26,11
연속 하향 점프하기,민첩성/순발력,스텝박스,하체,청소년,,gTYn0zSOxBk,https://www.youtube.com/watch?v=gTYn0zSOxBk,https://img.youtube.com/vi/gTYn0zSOxBk/0.jpg,26,12
팔 벌려 뛰기,민첩성/순발력,맨몸,전신,청소년,,rRuqazTs5GY,https://www.youtube.com/watch?v=rRuqazTs5GY,https://img.youtube.com/vi/rRuqazTs5GY/0.jpg,27,1
앉았다 일어나며 점프하기,민첩성/순발력,맨몸,하체,청소년,,DZav3lpO4cc,https://www.youtube.com/watch?v=DZav3lpO4cc,https://img.youtube.com/vi/DZav3lpO4cc/0.jpg,27,2
양발 점프 착지하기,민첩성/순발력,스텝박스,하체,청소년,,-p97wrNEHOs,https://www.youtube.com/watch?v=-p97wrNEHOs,https://img.youtube.com/vi/-p97wrNEHOs/0.jpg,27,3
점프 후 버티기,민첩성/순발력,스텝박스,하체,청소년,,LtCeIfz2sJk,https://www.youtube.com/watch?v=LtCeIfz2sJk,https://img.youtube.com/vi/LtCeIfz2sJk/0.jpg,27,4
빠르게 무릎들어 뛰기,민첩성/순발력,맨몸,전신,청소년,,HrkVnPTkPUk,https://www.youtube.com/watch?v=HrkVnPTkPUk,https://img.youtube.com/vi/HrkVnPTkPUk/0.jpg,27,5
다리 뻗어 점프하기,민첩성/순발력,맨몸,전신,청소년,,Yg9m7HBhujE,https://www.youtube.com/watch?v=Yg9m7HBhujE,https://img.youtube.com/vi/Yg9m7HBhujE/0.jpg,27,6
앞차기하며 뛰기,민첩성/순발력,맨몸,전신,청소년,,DRDnwdYas34,https://www.youtube.com/watch?v=DRDnwdYas34,https://img.youtube.com/vi/DRDnwdYas34/0.jpg,27,7
양팔 벌려 높이 뛰기,민첩성/순발력,맨몸,전신,청소년,,bm8IkryOeGg,https://www.youtube.com/watch?v=bm8IkryOeGg,https://img.youtube.com/vi/bm8IkryOeGg/0.jpg,27,8
제자리 멀리 뛰기,민첩성/순발력,맨몸,전신,청소년,,6ZgR7yHNM1k,https://www.youtube.com/watch?v=6ZgR7yHNM1k,https://img.youtube.com/vi/6ZgR7yHNM1k/0.jpg,27,9
앞굽이 뛰기,민첩성/순발력,맨몸,하체,청소년,,O6jK17-Ph3w,https://www.youtube.com/watch?v=O6jK17-Ph3w,https://img.youtube.com/vi/O6jK17-Ph3w/0.jpg,27,10
사이드 한발 뛰기,민첩성/순발력,맨몸,하체,청소년,,sx8wmosOr58,https://www.youtube.com/watch?v=sx8wmosOr58,https://img.youtube.com/vi/sx8wmosOr58/0.jpg,27,11
뛰어 밀기,민첩성/순발력,맨몸,전신,청소년,,KGP2_kU9zcE,https://www.youtube.com/watch?v=KGP2_kU9zcE,https://img.youtube.com/vi/KGP2_kU9zcE/0.jpg,27,12
순간반응 콘 찍기,민첩성/순발력,하프콘,하체,청소년,,ACo-byg8ZG4,https://www.youtube.com/watch?v=ACo-byg8ZG4,https://img.youtube.com/vi/ACo-byg8ZG4/0.jpg,28,1
사이드 지그재그 뛰기,민첩성/순발력,하프콘,하체,청소년,,jvun0lyR_rs,https://www.youtube.com/watch?v=jvun0lyR_rs,https://img.youtube.com/vi/jvun0lyR_rs/0.jpg,28,2
무릎 높이 들어 뛰기,민첩성/순발력,맨몸,전신,청소년,,mlp4kMLikpo,https://www.youtube.com/watch?v=mlp4kMLikpo,https://img.youtube.com/vi/mlp4kMLikpo/0.jpg,28,3
뒤꿈치 높이들어 뛰기,민첩성/순발력,맨몸,하체,청소년,,3974cYTQiJk,https://www.youtube.com/watch?v=3974cYTQiJk,https://img.youtube.com/vi/3974cYTQiJk/0.jpg,28,4
한발 연속 뛰기,민첩성/순발력,하프콘,하체,청소년,,xfMn91zDn1o,https://www.youtube.com/watch?v=xfMn91zDn1o,https://img.youtube.com/vi/xfMn91zDn1o/0.jpg,28,5
전후 교차 뛰기,민첩성/순발력,하프콘,하체,청소년,,T3lYQV-iY9g,https://www.youtube.com/watch?v=T3lYQV-iY9g,https://img.youtube.com/vi/T3lYQV-iY9g/0.jpg,28,6
점프하며 뛰기,민첩성/순발력,맨몸,전신,청소년,,HFJZQGaV9Ck,https://www.youtube.com/watch?v=HFJZQGaV9Ck,https://img.youtube.com/vi/HFJZQGaV9Ck/0.jpg,28,7
순간반응 콘 찍기 2,민첩성/순발력,하프콘,하체,청소년,,4Z4ArI88HDM,https://www.youtube.com/watch?v=4Z4ArI88HDM,https://img.youtube.com/vi/4Z4ArI88HDM/0.jpg,28,8
사이드 스텝,민첩성/순발력,하프콘,하체,청소년,,kcnddDQBVpg,https://www.youtube.com/watch?v=kcnddDQBVpg,https://img.youtube.com/vi/kcnddDQBVpg/0.jpg,28,9
앞뒤 지그재그 뛰기,민첩성/순발력,하프콘,하체,청소년,,7fqpjj6RHFg,https://www.youtube.com/watch?v=7fqpjj6RHFg,https://img.youtube.com/vi/7fqpjj6RHFg/0.jpg,28,10
W 스텝,민첩성/순발력,하프콘,하체,청소년,,I_dco85NseI,https://www.youtube.com/watch?v=I_dco85NseI,https://img.youtube.com/vi/I_dco85NseI/0.jpg,28,11
무릎 들어 연속 뛰기,민첩성/순발력,하프콘,하체,청소년,,_haFiZ0e79k,https://www.youtube.com/watch?v=_haFiZ0e79k,https://img.youtube.com/vi/_haFiZ0e79k/0.jpg,28,12
양발 연속 뛰기,민첩성/순발력,하프콘,하체,청소년,,w8QX90ispRk,https://www.youtube.com/watch?v=w8QX90ispRk,https://img.youtube.com/vi/w8QX90ispRk/0.jpg,29,1
양발 모았다 벌려뛰기,민첩성/순발력,사다리,하체,청소년,,5-ihW5_Idos,https://www.youtube.com/watch?v=5-ihW5_Idos,https://img.youtube.com/vi/5-ihW5_Idos/0.jpg,29,2
엇박자 뛰기,민첩성/순발력,사다리,하체,청소년,,1h8HHORhdDY,https://www.youtube.com/watch?v=1h8HHORhdDY,https://img.youtube.com/vi/1h8HHORhdDY/0.jpg,29,3
빠른 발 뛰기,민첩성/순발력,사다리,하체,청소년,,hRurSt97FUI,https://www.youtube.com/watch?v=hRurSt97FUI,https://img.youtube.com/vi/hRurSt97FUI/0.jpg,29,4
양발 교차 뛰기,민첩성/순발력,사다리,하체,청소년,,xcydCMLSnbk,https://www.youtube.com/watch?v=xcydCMLSnbk,https://img.youtube.com/vi/xcydCMLSnbk/0.jpg,29,5
빠른 발 안팎 뛰기,민첩성/순발력,사다리,하체,청소년,,uvGUumbZfKY,https://www.youtube.com/watch?v=uvGUumbZfKY,https://img.youtube.com/vi/uvGUumbZfKY/0.jpg,29,6
양발 모아 좌우 뛰기,민첩성/순발력,사다리,하체,청소년,,PWfBI3LVWN8,https://www.youtube.com/watch?v=PWfBI3LVWN8,https://img.youtube.com/vi/PWfBI3LVWN8/0.jpg,29,7
의자 앉아 공 밀기,협응력,의자/공,전신,어르신,,KYdtC_7Uorg,https://www.youtube.com/watch?v=KYdtC_7Uorg,https://img.youtube.com/vi/KYdtC_7Uorg/0.jpg,29,8
뒷발 교차 뛰기,민첩성/순발력,사다리,하체,청소년,,u_8vvQK4px4,https://www.youtube.com/watch?v=u_8vvQK4px4,https://img.youtube.com/vi/u_8vvQK4px4/0.jpg,29,9
한발 연속 뛰기,민첩성/순발력,사다리,하체,청소년,,QZlZmNFRahw,https://www.youtube.com/watch?v=QZlZmNFRahw,https://img.youtube.com/vi/QZlZmNFRahw/0.jpg,29,10
크게 다리벌려 교차 뛰기,민첩성/순발력,사다리,하체,청소년,,RzQQo6uotQ8,https://www.youtube.com/watch?v=RzQQo6uotQ8,https://img.youtube.com/vi/RzQQo6uotQ8/0.jpg,29,11
한발 앞뒤 교차 뛰기,민첩성/순발력,사다리,하체,청소년,,XkxLsdeQC0w,https://www.youtube.com/watch?v=XkxLsdeQC0w,https://img.youtube.com/vi/XkxLsdeQC0w/0.jpg,29,12
옆으로 걷기,협응력,사다리,전신,어르신,,MpJ4hBfguV8,https://www.youtube.com/watch?v=MpJ4hBfguV8,https://img.youtube.com/vi/MpJ4hBfguV8/0.jpg,30,1
줄 따라 걷기,협응력,줄,전신,어르신,,SdUIfqqUgdw,https://www.youtube.com/watch?v=SdUIfqqUgdw,https://img.youtube.com/vi/SdUIfqqUgdw/0.jpg,30,2
의자 이용하기,협응력,의자,전신,어르신,,ZDlWKL9QeyQ,https://www.youtube.com/watch?v=ZDlWKL9QeyQ,https://img.youtube.com/vi/ZDlWKL9QeyQ/0.jpg,30,3
풍선차기,협응력,제기,전신,어르신,,-uAtoUrmmRs,https://www.youtube.com/watch?v=-uAtoUrmmRs,https://img.youtube.com/vi/-uAtoUrmmRs/0.jpg,30,4
사다리 이용 루틴 운동,협응력,사다리,전신,어르신,,MpJ4hBfguV8,https://www.youtube.com/watch?v=MpJ4hBfguV8,https://img.youtube.com/vi/MpJ4hBfguV8/0.jpg,30,5
앞뒤로 한발씩 걷기,협응력,사다리,전신,어르신,,MpJ4hBfguV8,https://www.youtube.com/watch?v=MpJ4hBfguV8,https://img.youtube.com/vi/MpJ4hBfguV8/0.jpg,30,6
두발모아 걷기,협응력,사다리,전신,어르신,,MpJ4hBfguV8,https://www.youtube.com/watch?v=MpJ4hBfguV8,https://img.youtube.com/vi/MpJ4hBfguV8/0.jpg,30,7
스카프 라인,협응력,스카프,전신,어르신,,eYFjJB0KC3Y,https://www.youtube.com/watch?v=eYFjJB0KC3Y,https://img.youtube.com/vi/eYFjJB0KC3Y/0.jpg,30,8
사다리 걷기,협응력,사다리,전신,어르신,,MpJ4hBfguV8,https://www.youtube.com/watch?v=MpJ4hBfguV8,https://img.youtube.com/vi/MpJ4hBfguV8/0.jpg,30,9
발로 공주고 받기,협응력,공,전신,어르신,,K5SeD0JEG5c,https://www.youtube.com/watch?v=K5SeD0JEG5c,https://img.youtube.com/vi/K5SeD0JEG5c/0.jpg,30,10
한 칸 건너뛰며 걷기,협응력,사다리,전신,어르신,,MpJ4hBfguV8,https://www.youtube.com/watch?v=MpJ4hBfguV8,https://img.youtube.com/vi/MpJ4hBfguV8/0.jpg,30,11
하프콘 투호,협응력,하프콘,전신,어르신,,xG5wa2P9Chk,https://www.youtube.com/watch?v=xG5wa2P9Chk,https://img.youtube.com/vi/xG5wa2P9Chk/0.jpg,30,12
발바닥 치기,협응력,맨몸,전신,어르신,,3tXwkI9mLWM,https://www.youtube.com/watch?v=3tXwkI9mLWM,https://img.youtube.com/vi/3tXwkI9mLWM/0.jpg,31,1
짐볼 앉아 중심 잡기 루틴 운동,평형성,짐볼,전신,어르신,,1CTWSroJe3g,https://www.youtube.com/watch?v=1CTWSroJe3g,https://img.youtube.com/vi/1CTWSroJe3g/0.jpg,31,2
좌우로 선넘기,협응력,맨몸,전신,어르신,,LvHNt8KNBxQ,https://www.youtube.com/watch?v=LvHNt8KNBxQ,https://img.youtube.com/vi/LvHNt8KNBxQ/0.jpg,31,3
앞뒤로 선넘기,협응력,맨몸,전신,어르신,,17tyLvjkjDs,https://www.youtube.com/watch?v=17tyLvjkjDs,https://img.youtube.com/vi/17tyLvjkjDs/0.jpg,31,4
머리 위로 공 넘기기,협응력,공,전신,어르신,,dzRdSpp-spI,https://www.youtube.com/watch?v=dzRdSpp-spI,https://img.youtube.com/vi/dzRdSpp-spI/0.jpg,31,5
풍선 튕기기,협응력,풍선,전신,어르신,,PjAq9PwGv1E,https://www.youtube.com/watch?v=PjAq9PwGv1E,https://img.youtube.com/vi/PjAq9PwGv1E/0.jpg,31,6
스카프 저글링,협응력,스카프,전신,어르신,,ry2gYqGDKhQ,https://www.youtube.com/watch?v=ry2gYqGDKhQ,https://img.youtube.com/vi/ry2gYqGDKhQ/0.jpg,31,7
짐볼 앉아 한발 들기,평형성,짐볼,전신,어르신,,1CTWSroJe3g,https://www.youtube.com/watch?v=1CTWSroJe3g,https://img.youtube.com/vi/1CTWSroJe3g/0.jpg,31,8
성화봉송,협응력,라바콘/공,전신,어르신,,3JBWu1CB2i8,https://www.youtube.com/watch?v=3JBWu1CB2i8,https://img.youtube.com/vi/3JBWu1CB2i8/0.jpg,31,9
짐볼 앉아 양손 측면으로 들기,평형성,짐볼,전신,어르신,,1CTWSroJe3g,https://www.youtube.com/watch?v=1CTWSroJe3g,https://img.youtube.com/vi/1CTWSroJe3g/0.jpg,31,10
짐볼 앉아 양손 대각방향으로 들기,평형성,짐볼,전신,어르신,,1CTWSroJe3g,https://www.youtube.com/watch?v=1CTWSroJe3g,https://img.youtube.com/vi/1CTWSroJe3g/0.jpg,31,11
짐볼 앉아 한발 내딛기,평형성,짐볼,전신,어르신,,1CTWSroJe3g,https://www.youtube.com/watch?v=1CTWSroJe3g,https://img.youtube.com/vi/1CTWSroJe3g/0.jpg,31,12
균형 걷기,평형성,맨몸,전신,어르신,,Csa1WTJc5ys,https://www.youtube.com/watch?v=Csa1WTJc5ys,https://img.youtube.com/vi/Csa1WTJc5ys/0.jpg,32,1
서서 다리로 탄력밴드 당겨 중심 잡기 루틴 운동,평형성,탄력밴드,전신,어르신,,nraX-E22Uiw,https://www.youtube.com/watch?v=nraX-E22Uiw,https://img.youtube.com/vi/nraX-E22Uiw/0.jpg,32,2
짐볼 앉기,평형성,짐볼,전신,어르신,,1CTWSroJe3g,https://www.youtube.com/watch?v=1CTWSroJe3g,https://img.youtube.com/vi/1CTWSroJe3g/0.jpg,32,3
탄력밴드 무릎으로 당기기,평형성,탄력밴드,전신,어르신,,nraX-E22Uiw,https://www.youtube.com/watch?v=nraX-E22Uiw,https://img.youtube.com/vi/nraX-E22Uiw/0.jpg,32,4
탄력밴드 측면으로 당기기,평형성,탄력밴드,전신,어르신,,nraX-E22Uiw,https://www.youtube.com/watch?v=nraX-E22Uiw,https://img.youtube.com/vi/nraX-E22Uiw/0.jpg,32,5
탄력밴드 후방 측면으로 당기기,평형성,탄력밴드,전신,어르신,,nraX-E22Uiw,https://www.youtube.com/watch?v=nraX-E22Uiw,https://img.youtube.com/vi/nraX-E22Uiw/0.jpg,32,6
짐볼 앉아 뒤꿈치 들기,평형성,짐볼,전신,어르신,,1CTWSroJe3g,https://www.youtube.com/watch?v=1CTWSroJe3g,https://img.youtube.com/vi/1CTWSroJe3g/0.jpg,32,7
탄력밴드 후방으로 당기기,평형성,탄력밴드,전신,어르신,,nraX-E22Uiw,https://www.youtube.com/watch?v=nraX-E22Uiw,https://img.youtube.com/vi/nraX-E22Uiw/0.jpg,32,8
짐볼 앉아 몸통 돌리기,평형성,짐볼,전신,어르신,,1CTWSroJe3g,https://www.youtube.com/watch?v=1CTWSroJe3g,https://img.youtube.com/vi/1CTWSroJe3g/0.jpg,32,9
짐볼 앉아 상체 숙이기,평형성,짐볼,전신,어르신,,1CTWSroJe3g,https://www.youtube.com/watch?v=1CTWSroJe3g,https://img.youtube.com/vi/1CTWSroJe3g/0.jpg,32,10
짐볼 앉아 양 손 가슴 교차,평형성,짐볼,전신,어르신,,1CTWSroJe3g,https://www.youtube.com/watch?v=1CTWSroJe3g,https://img.youtube.com/vi/1CTWSroJe3g/0.jpg,32,11
짐볼 앉아 한손 측면으로 들기,평형성,짐볼,전신,어르신,,1CTWSroJe3g,https://www.youtube.com/watch?v=1CTWSroJe3g,https://img.youtube.com/vi/1CTWSroJe3g/0.jpg,32,12
베개 밟고 서기,평형성,베개,전신,어르신,,VTFGHFONGgg,https://www.youtube.com/watch?v=VTFGHFONGgg,https://img.youtube.com/vi/VTFGHFONGgg/0.jpg,33,1
의자 이용 중심 잡기 루틴 운동,평형성,의자,전신,어르신,,TXuY9C4UvI0,https://www.youtube.com/watch?v=TXuY9C4UvI0,https://img.youtube.com/vi/TXuY9C4UvI0/0.jpg,33,2
베개 밟고 교차 서기,평형성,베개,전신,어르신,,VTFGHFONGgg,https://www.youtube.com/watch?v=VTFGHFONGgg,https://img.youtube.com/vi/VTFGHFONGgg/0.jpg,33,3
의자 잡고 후방으로 한발 뻗어 들기,평형성,의자,전신,어르신,,TXuY9C4UvI0,https://www.youtube.com/watch?v=TXuY9C4UvI0,https://img.youtube.com/vi/TXuY9C4UvI0/0.jpg,33,4
베개 밟고 대각방향으로 서기,평형성,베개,전신,어르신,,VTFGHFONGgg,https://www.youtube.com/watch?v=VTFGHFONGgg,https://img.youtube.com/vi/VTFGHFONGgg/0.jpg,33,5
베개 밟고 두발 모아 서기,평형성,베개,전신,어르신,,VTFGHFONGgg,https://www.youtube.com/watch?v=VTFGHFONGgg,https://img.youtube.com/vi/VTFGHFONGgg/0.jpg,33,6
의자잡고 후방으로 무릎 굽혀 들기,평형성,의자,전신,어르신,,TXuY9C4UvI0,https://www.youtube.com/watch?v=TXuY9C4UvI0,https://img.youtube.com/vi/TXuY9C4UvI0/0.jpg,33,7
의자 잡고 전방으로 무릎 굽혀 들기,평형성,의자,전신,어르신,,TXuY9C4UvI0,https://www.youtube.com/watch?v=TXuY9C4UvI0,https://img.youtube.com/vi/TXuY9C4UvI0/0.jpg,33,8
베개 밟고 위로 양팔 들기,평형성,베개,전신,어르신,,VTFGHFONGgg,https://www.youtube.com/watch?v=VTFGHFONGgg,https://img.youtube.com/vi/VTFGHFONGgg/0.jpg,33,9
베개 밟고 측면으로 양팔 들기,평형성,베개,전신,어르신,,VTFGHFONGgg,https://www.youtube.com/watch?v=VTFGHFONGgg,https://img.youtube.com/vi/VTFGHFONGgg/0.jpg,33,10
탄력밴드 걸고 서기,평형성,탄력밴드,전신,어르신,,nraX-E22Uiw,https://www.youtube.com/watch?v=nraX-E22Uiw,https://img.youtube.com/vi/nraX-E22Uiw/0.jpg,33,11
탄력밴드 전방으로 당기기,평형성,탄력밴드,전신,어르신,,nraX-E22Uiw,https://www.youtube.com/watch?v=nraX-E22Uiw,https://img.youtube.com/vi/nraX-E22Uiw/0.jpg,33,12
한발 들기,평형성,맨몸,전신,어르신,,aHpzBV7JBOA,https://www.youtube.com/watch?v=aHpzBV7JBOA,https://img.youtube.com/vi/aHpzBV7JBOA/0.jpg,34,1
양발 나란히 서기,평형성,맨몸,전신,어르신,,n5lc_PYZODs,https://www.youtube.com/watch?v=n5lc_PYZODs,https://img.youtube.com/vi/n5lc_PYZODs/0.jpg,34,2
의자 잡고 한발 들기,평형성,의자,전신,어르신,,TXuY9C4UvI0,https://www.youtube.com/watch?v=TXuY9C4UvI0,https://img.youtube.com/vi/TXuY9C4UvI0/0.jpg,34,3
좌우 찍기,평형성,맨몸,전신,어르신,,rdsVdzLUrGY,https://www.youtube.com/watch?v=rdsVdzLUrGY,https://img.youtube.com/vi/rdsVdzLUrGY/0.jpg,34,4
의자 잡고 측면으로 한발 들기,평형성,의자,전신,어르신,,TXuY9C4UvI0,https://www.youtube.com/watch?v=TXuY9C4UvI0,https://img.youtube.com/vi/TXuY9C4UvI0/0.jpg,34,5
의자 잡고 서기,평형성,의자,전신,어르신,,TXuY9C4UvI0,https://www.youtube.com/watch?v=TXuY9C4UvI0,https://img.youtube.com/vi/TXuY9C4UvI0/0.jpg,34,6
가슴 스트레칭,유연성,폼롤러,몸통,어르신,,cAX-9tpajlo,https://www.youtube.com/watch?v=cAX-9tpajlo,https://img.youtube.com/vi/cAX-9tpajlo/0.jpg,34,7
옆으로 누워 가슴 열기,유연성,폼롤러,몸통/복부,어르신,,E6Z1S5o3VHQ,https://www.youtube.com/watch?v=E6Z1S5o3VHQ,https://img.youtube.com/vi/E6Z1S5o3VHQ/0.jpg,34,8
팔 교대로 올리기,유연성,폼롤러,어깨,어르신,,pl83Q_CX5PE,https://www.youtube.com/watch?v=pl83Q_CX5PE,https://img.youtube.com/vi/pl83Q_CX5PE/0.jpg,34,9
폼롤러 밀며 몸 앞으로 숙이기,유연성,폼롤러,/,어르신,,M6FcoGdpiGg,https://www.youtube.com/watch?v=M6FcoGdpiGg,https://img.youtube.com/vi/M6FcoGdpiGg/0.jpg,34,10
옆으로 누워 폼롤러 굴려주기,유연성,폼롤러,/,어르신,,tW-HIasaQoI,https://www.youtube.com/watch?v=tW-HIasaQoI,https://img.youtube.com/vi/tW-HIasaQoI/0.jpg,34,11
폼롤러 앞으로 굴리기,유연성,폼롤러,어깨,어르신,,L8sgBZ6j6E0,https://www.youtube.com/watch?v=L8sgBZ6j6E0,https://img.youtube.com/vi/L8sgBZ6j6E0/0.jpg,34,12
척추 스트레칭,유연성,폼롤러,등/허리,어르신,,o9AwtuC8tcI,https://www.youtube.com/watch?v=o9AwtuC8tcI,https://img.youtube.com/vi/o9AwtuC8tcI/0.jpg,35,1
엉덩이 스트레칭,유연성,짐볼,/,어르신,,DuT2CxXpjMI,https://www.youtube.com/watch?v=DuT2CxXpjMI,https://img.youtube.com/vi/DuT2CxXpjMI/0.jpg,35,2
짐볼 양팔로 밀기,유연성,짐볼,몸통/등,어르신,,KOdeSjgCKto,https://www.youtube.com/watch?v=KOdeSjgCKto,https://img.youtube.com/vi/KOdeSjgCKto/0.jpg,35,3
골반 스트레칭,유연성,짐볼,몸통,어르신,,ojFLac-fzaE,https://www.youtube.com/watch?v=ojFLac-fzaE,https://img.youtube.com/vi/ojFLac-fzaE/0.jpg,35,4
복부 스트레칭,유연성,짐볼,복부,어르신,,L_YRhObjzns,https://www.youtube.com/watch?v=L_YRhObjzns,https://img.youtube.com/vi/L_YRhObjzns/0.jpg,35,5
어깨 올리기,유연성,폼롤러,어깨,어르신,,vQ2hu1qlWbM,https://www.youtube.com/watch?v=vQ2hu1qlWbM,https://img.youtube.com/vi/vQ2hu1qlWbM/0.jpg,35,6
등 스트레칭,유연성,짐볼,등,어르신,,tOa3El4i6tw,https://www.youtube.com/watch?v=tOa3El4i6tw,https://img.youtube.com/vi/tOa3El4i6tw/0.jpg,35,7
골반 스트레칭2,유연성,짐볼,허벅지,어르신,,V0QgXsA6Zv0,https://www.youtube.com/watch?v=V0QgXsA6Zv0,https://img.youtube.com/vi/V0QgXsA6Zv0/0.jpg,35,8
어깨 스트레칭,유연성,폼롤러,어깨,어르신,,KD3bRZnEvOU,https://www.youtube.com/watch?v=KD3bRZnEvOU,https://img.youtube.com/vi/KD3bRZnEvOU/0.jpg,35,9
무릎 아래에서 양옆으로 굴리기,유연성,짐볼,몸통,어르신,,ElJ8SfLdGqI,https://www.youtube.com/watch?v=ElJ8SfLdGqI,https://img.youtube.com/vi/ElJ8SfLdGqI/0.jpg,35,10
짐볼 옆에 두고 어깨 누르기,유연성,짐볼,어깨뒤쪽,어르신,,rdxaCs7XXc0,https://www.youtube.com/watch?v=rdxaCs7XXc0,https://img.youtube.com/vi/rdxaCs7XXc0/0.jpg,35,11
짐볼 양옆으로 굴리기,유연성,짐볼,몸통,어르신,,swOnOMiCljg,https://www.youtube.com/watch?v=swOnOMiCljg,https://img.youtube.com/vi/swOnOMiCljg/0.jpg,35,12
대퇴사두근 스트레칭,유연성,의자,허벅지앞쪽,어르신,,VeZl905pjww,https://www.youtube.com/watch?v=VeZl905pjww,https://img.youtube.com/vi/VeZl905pjww/0.jpg,36,1
비복근 스트레칭,유연성,의자,종아리,어르신,,bWmGuFHik6A,https://www.youtube.com/watch?v=bWmGuFHik6A,https://img.youtube.com/vi/bWmGuFHik6A/0.jpg,36,2
옆구리 스트레칭,유연성,의자,몸통,어르신,,YncA0tqI5VA,https://www.youtube.com/watch?v=YncA0tqI5VA,https://img.youtube.com/vi/YncA0tqI5VA/0.jpg,36,3
내전근 스트레칭,유연성,의자,허벅지내측,어르신,,kqDHbTQdAnI,https://www.youtube.com/watch?v=kqDHbTQdAnI,https://img.youtube.com/vi/kqDHbTQdAnI/0.jpg,36,4
가슴 스트레칭,유연성,의자,몸통,어르신,,_tiMBPQ4YpM,https://www.youtube.com/watch?v=_tiMBPQ4YpM,https://img.youtube.com/vi/_tiMBPQ4YpM/0.jpg,36,5
발가락 폄근 스트레칭,유연성,의자,종아리,어르신,,YRrAjY5OybY,https://www.youtube.com/watch?v=YRrAjY5OybY,https://img.youtube.com/vi/YRrAjY5OybY/0.jpg,36,6
등/어깨 뒤쪽 스트레칭,유연성,의자,어깨/위팔뒤쪽,어르신,,R4oPhjIJoLw,https://www.youtube.com/watch?v=R4oPhjIJoLw,https://img.youtube.com/vi/R4oPhjIJoLw/0.jpg,36,7
몸 앞으로 굽히기,유연성,의자,허리/둔부,어르신,,wx2v-DU9kr8,https://www.youtube.com/watch?v=wx2v-DU9kr8,https://img.youtube.com/vi/wx2v-DU9kr8/0.jpg,36,8
엉덩이 스트레칭,유연성,의자,둔부,어르신,,kpSbL_iyUBs,https://www.youtube.com/watch?v=kpSbL_iyUBs,https://img.youtube.com/vi/kpSbL_iyUBs/0.jpg,36,9
짐볼 앞으로 밀기,유연성,짐볼,//,어르신,,dl0loiuKJaU,https://www.youtube.com/watch?v=dl0loiuKJaU,https://img.youtube.com/vi/dl0loiuKJaU/0.jpg,36,10
목 스트레칭,유연성,의자,목,어르신,,ol2kvAp7TRc,https://www.youtube.com/watch?v=ol2kvAp7TRc,https://img.youtube.com/vi/ol2kvAp7TRc/0.jpg,36,11
팔꿈치 맞닿아 원그리기,유연성,의자,//,어르신,,6ws5Ze7ootE,https://www.youtube.com/watch?v=6ws5Ze7ootE,https://img.youtube.com/vi/6ws5Ze7ootE/0.jpg,36,12
대퇴이두근 스트레칭,유연성,맨몸,/,어르신,,kKJkjq_ZZdg,https://www.youtube.com/watch?v=kKJkjq_ZZdg,https://img.youtube.com/vi/kKJkjq_ZZdg/0.jpg,37,1
고관절 스트레칭,유연성,맨몸,몸통,어르신,,MsP05OfVP4c,https://www.youtube.com/watch?v=MsP05OfVP4c,https://img.youtube.com/vi/MsP05OfVP4c/0.jpg,37,2
대퇴이두근 스트레칭2,유연성,맨몸,/,어르신,,FcsQJK46SEo,https://www.youtube.com/watch?v=FcsQJK46SEo,https://img.youtube.com/vi/FcsQJK46SEo/0.jpg,37,3
마주 앉아 대퇴이두근 스트레칭,유연성,맨몸,/,어르신,,g_zKSHdm820,https://www.youtube.com/watch?v=g_zKSHdm820,https://img.youtube.com/vi/g_zKSHdm820/0.jpg,37,4
등 대고 대퇴이두근 스트레칭,유연성,맨몸,/,어르신,,aTB58RTHsNo,https://www.youtube.com/watch?v=aTB58RTHsNo,https://img.youtube.com/vi/aTB58RTHsNo/0.jpg,37,5
대퇴사두근 스트레칭,유연성,맨몸,허벅지앞쪽,어르신,,8-p2-_fIcn4,https://www.youtube.com/watch?v=8-p2-_fIcn4,https://img.youtube.com/vi/8-p2-_fIcn4/0.jpg,37,6
몸통 비틀기,유연성,의자,허리/복부,어르신,,rsRM5ivIHCw,https://www.youtube.com/watch?v=rsRM5ivIHCw,https://img.youtube.com/vi/rsRM5ivIHCw/0.jpg,37,7
엉덩이 스트레칭,유연성,맨몸,둔부,어르신,,o8uK0ayln7M,https://www.youtube.com/watch?v=o8uK0ayln7M,https://img.youtube.com/vi/o8uK0ayln7M/0.jpg,37,8
마주 앉아 대퇴이두근 스트레칭2,유연성,맨몸,/,어르신,,lyu7eqffLm4,https://www.youtube.com/watch?v=lyu7eqffLm4,https://img.youtube.com/vi/lyu7eqffLm4/0.jpg,37,9
종아리 스트레칭,유연성,맨몸,종아리,어르신,,2SSjtjcLcU0,https://www.youtube.com/watch?v=2SSjtjcLcU0,https://img.youtube.com/vi/2SSjtjcLcU0/0.jpg,37,10
몸통 비틀기,유연성,맨몸,허리,어르신,,uOIgGoEbmX8,https://www.youtube.com/watch?v=uOIgGoEbmX8,https://img.youtube.com/vi/uOIgGoEbmX8/0.jpg,37,11
엉덩이 스트레칭2,유연성,맨몸,둔부/몸통,어르신,,qSB321IIFSE,https://www.youtube.com/watch?v=qSB321IIFSE,https://img.youtube.com/vi/qSB321IIFSE/0.jpg,37,12
어깨 스트레칭,유연성,맨몸,어깨,어르신,,yC9FdKEaqCI,https://www.youtube.com/watch?v=yC9FdKEaqCI,https://img.youtube.com/vi/yC9FdKEaqCI/0.jpg,38,1
골반 스트레칭,유연성,맨몸,몸통,어르신,,w-pVRkpS52A,https://www.youtube.com/watch?v=w-pVRkpS52A,https://img.youtube.com/vi/w-pVRkpS52A/0.jpg,38,2
회전근개 스트레칭,유연성,맨몸,어깨,어르신,,wFx4mclnF8w,https://www.youtube.com/watch?v=wFx4mclnF8w,https://img.youtube.com/vi/wFx4mclnF8w/0.jpg,38,3
몸통 앞으로 굽혀 걷기,유연성,맨몸,/,어르신,,rJ4D69MIZ5s,https://www.youtube.com/watch?v=rJ4D69MIZ5s,https://img.youtube.com/vi/rJ4D69MIZ5s/0.jpg,38,4
어깨 양 옆으로 돌리기,유연성,맨몸,어깨,어르신,,ABZyRvGniwc,https://www.youtube.com/watch?v=ABZyRvGniwc,https://img.youtube.com/vi/ABZyRvGniwc/0.jpg,38,5
골반 스트레칭2,유연성,맨몸,몸통,어르신,,eBph0cuvMt8,https://www.youtube.com/watch?v=eBph0cuvMt8,https://img.youtube.com/vi/eBph0cuvMt8/0.jpg,38,6
전신 틀어 손벽 마주치기,유연성,맨몸,허리/복부,어르신,,vqkEzHFrbMo,https://www.youtube.com/watch?v=vqkEzHFrbMo,https://img.youtube.com/vi/vqkEzHFrbMo/0.jpg,38,7
가슴/어깨 스트레칭,유연성,맨몸,//,어르신,,s-md_CpC284,https://www.youtube.com/watch?v=s-md_CpC284,https://img.youtube.com/vi/s-md_CpC284/0.jpg,38,8
어깨 스트레칭,유연성,맨몸,어깨,어르신,,3uH4pZ8fYuc,https://www.youtube.com/watch?v=3uH4pZ8fYuc,https://img.youtube.com/vi/3uH4pZ8fYuc/0.jpg,38,9
회전근개 스트레칭2,유연성,맨몸,어깨,어르신,,90_jERrA-yA,https://www.youtube.com/watch?v=90_jERrA-yA,https://img.youtube.com/vi/90_jERrA-yA/0.jpg,38,10
몸통 비틀기,유연성,맨몸,허리/복부,어르신,,ohhSCl00CuM,https://www.youtube.com/watch?v=ohhSCl00CuM,https://img.youtube.com/vi/ohhSCl00CuM/0.jpg,38,11
회전근개 스트레칭,유연성,맨몸,어깨,어르신,,VbLuU5TvtQI,https://www.youtube.com/watch?v=VbLuU5TvtQI,https://img.youtube.com/vi/VbLuU5TvtQI/0.jpg,38,12
엉덩이 스트레칭,유연성,맨몸,둔부,어르신,,6_zf8p4suaA,https://www.youtube.com/watch?v=6_zf8p4suaA,https://img.youtube.com/vi/6_zf8p4suaA/0.jpg,39,1
어깨 뒤쪽 스트레칭,유연성,맨몸,어깨뒤쪽,어르신,,HY2Yu8DeasQ,https://www.youtube.com/watch?v=HY2Yu8DeasQ,https://img.youtube.com/vi/HY2Yu8DeasQ/0.jpg,39,2
등/어깨 뒤쪽 스트레칭,유연성,맨몸,어깨,어르신,,I67ezDR1w-I,https://www.youtube.com/watch?v=I67ezDR1w-I,https://img.youtube.com/vi/I67ezDR1w-I/0.jpg,39,3
허리 스트레칭,유연성,맨몸,허리,어르신,,LiA_jShjQoI,https://www.youtube.com/watch?v=LiA_jShjQoI,https://img.youtube.com/vi/LiA_jShjQoI/0.jpg,39,4
넙다리 안쪽 스트레칭,유연성,맨몸,허벅지내측,어르신,,RrGoEv7vTdU,https://www.youtube.com/watch?v=RrGoEv7vTdU,https://img.youtube.com/vi/RrGoEv7vTdU/0.jpg,39,5
엉덩이 스트레칭2,유연성,맨몸,둔부,어르신,,N8UiqRJmyN4,https://www.youtube.com/watch?v=N8UiqRJmyN4,https://img.youtube.com/vi/N8UiqRJmyN4/0.jpg,39,6
넙다리 앞쪽 스트레칭,유연성,맨몸,허벅지앞쪽,어르신,,tWVTfDntPSs,https://www.youtube.com/watch?v=tWVTfDntPSs,https://img.youtube.com/vi/tWVTfDntPSs/0.jpg,39,7
양팔 벌려 전신 비틀기,유연성,맨몸,전신,어르신,,0IF-QIMHrbk,https://www.youtube.com/watch?v=0IF-QIMHrbk,https://img.youtube.com/vi/0IF-QIMHrbk/0.jpg,39,8
아래 팔 스트레칭,유연성,맨몸,아래팔앞쪽/아래팔뒤쪽,어르신,,IkNpF7jcl1s,https://www.youtube.com/watch?v=IkNpF7jcl1s,https://img.youtube.com/vi/IkNpF7jcl1s/0.jpg,39,9
목 돌림 스트레칭,유연성,맨몸,목,어르신,,kHVcsIjUSmg,https://www.youtube.com/watch?v=kHVcsIjUSmg,https://img.youtube.com/vi/kHVcsIjUSmg/0.jpg,39,10
배 스트레칭,유연성,맨몸,복부,어르신,,qVUay_sy5kQ,https://www.youtube.com/watch?v=qVUay_sy5kQ,https://img.youtube.com/vi/qVUay_sy5kQ/0.jpg,39,11
옆구리 스트레칭,유연성,맨몸,몸통,어르신,,gafuejx2HFE,https://www.youtube.com/watch?v=gafuejx2HFE,https://img.youtube.com/vi/gafuejx2HFE/0.jpg,39,12
깍지 끼고 상체 숙이기,유연성,맨몸,///,어르신,,Qk_0TwY9A10,https://www.youtube.com/watch?v=Qk_0TwY9A10,https://img.youtube.com/vi/Qk_0TwY9A10/0.jpg,40,1
누워서 전신 뻗기,유연성,맨몸,전신,어르신,,SuJKMztDB58,https://www.youtube.com/watch?v=SuJKMztDB58,https://img.youtube.com/vi/SuJKMztDB58/0.jpg,40,2
목 스트레칭,유연성,맨몸,목,어르신,,z2N8VCjEHdY,https://www.youtube.com/watch?v=z2N8VCjEHdY,https://img.youtube.com/vi/z2N8VCjEHdY/0.jpg,40,3
앉아서 밴드 잡고 몸통 돌리기,근력/근지구력,밴드/의자,복부,어르신,,7tiVw6DWkBQ,https://www.youtube.com/watch?v=7tiVw6DWkBQ,https://img.youtube.com/vi/7tiVw6DWkBQ/0.jpg,40,4
밴드 잡고 몸통 옆으로 굽히기,근력/근지구력,밴드,몸통,어르신,,KZ3tw-ugPxk,https://www.youtube.com/watch?v=KZ3tw-ugPxk,https://img.youtube.com/vi/KZ3tw-ugPxk/0.jpg,40,5
엎드려 양팔 및 다리 들어올리기,근력/근지구력,맨몸,허리/등,어르신,,rqpgaGZBLY8,https://www.youtube.com/watch?v=rqpgaGZBLY8,https://img.youtube.com/vi/rqpgaGZBLY8/0.jpg,40,6
의자에 앉아 등 굽혔다 펴기,근력/근지구력,의자,허리,어르신,,5MkDh9r4XCM,https://www.youtube.com/watch?v=5MkDh9r4XCM,https://img.youtube.com/vi/5MkDh9r4XCM/0.jpg,40,7
짐볼에서 몸통 돌리기,근력/근지구력,짐볼,복부,어르신,,Fis2pZaavjc,https://www.youtube.com/watch?v=Fis2pZaavjc,https://img.youtube.com/vi/Fis2pZaavjc/0.jpg,40,8
다리로 짐볼 들어올리기,근력/근지구력,짐볼,복부,어르신,,QE4fQynaC0U,https://www.youtube.com/watch?v=QE4fQynaC0U,https://img.youtube.com/vi/QE4fQynaC0U/0.jpg,40,9
짐볼에서 엉덩이 돌리기,근력/근지구력,짐볼,몸통,어르신,,kXVCJARVkug,https://www.youtube.com/watch?v=kXVCJARVkug,https://img.youtube.com/vi/kXVCJARVkug/0.jpg,40,10
볼 위에 앉아 밴드 양옆으로 당기기,근력/근지구력,짐볼/밴드,/,어르신,,bgeArMJLrnc,https://www.youtube.com/watch?v=bgeArMJLrnc,https://img.youtube.com/vi/bgeArMJLrnc/0.jpg,40,11
짐볼에서 윗몸 일으키기,근력/근지구력,짐볼,복부,어르신,,AydjXcvaQ6g,https://www.youtube.com/watch?v=AydjXcvaQ6g,https://img.youtube.com/vi/AydjXcvaQ6g/0.jpg,40,12
벽에서 팔굽혀 펴기,근력/근지구력,맨몸,/,어르신,,TPjapSPX1OA,https://www.youtube.com/watch?v=TPjapSPX1OA,https://img.youtube.com/vi/TPjapSPX1OA/0.jpg,41,1
몸통 들어올리기,근력/근지구력,맨몸,둔부/허리,어르신,,6D98FQf6SvI,https://www.youtube.com/watch?v=6D98FQf6SvI,https://img.youtube.com/vi/6D98FQf6SvI/0.jpg,41,2
물통으로 양팔 들어올리기,근력/근지구력,물병,위팔앞쪽,어르신,,9WzgU3c44pI,https://www.youtube.com/watch?v=9WzgU3c44pI,https://img.youtube.com/vi/9WzgU3c44pI/0.jpg,41,3
밴드 걸고 옆으로 누워 다리 올리기,근력/근지구력,밴드,허벅지외측,어르신,,DHvQ2FyT5po,https://www.youtube.com/watch?v=DHvQ2FyT5po,https://img.youtube.com/vi/DHvQ2FyT5po/0.jpg,41,4
밴드 머리 뒤로 들어올리기,근력/근지구력,밴드,위팔뒤쪽,어르신,,GdUGE03elJY,https://www.youtube.com/watch?v=GdUGE03elJY,https://img.youtube.com/vi/GdUGE03elJY/0.jpg,41,5
누워서 공 뒤로 내리고 당기기,근력/근지구력,공,//,어르신,,5PYRaoM8h_E,https://www.youtube.com/watch?v=5PYRaoM8h_E,https://img.youtube.com/vi/5PYRaoM8h_E/0.jpg,41,6
플렉스 바 비틀기,근력/근지구력,맨몸,아래팔,어르신,,7aWbRpBiVTY,https://www.youtube.com/watch?v=7aWbRpBiVTY,https://img.youtube.com/vi/7aWbRpBiVTY/0.jpg,41,7
엎드려 뒤로 다리 올리기,근력/근지구력,맨몸,/,어르신,,tEdqt2AsqWY,https://www.youtube.com/watch?v=tEdqt2AsqWY,https://img.youtube.com/vi/tEdqt2AsqWY/0.jpg,41,8
밴드 잡고 누워서 다리 밀기,근력/근지구력,밴드,허벅지,어르신,,Cyd5BFYIQuw,https://www.youtube.com/watch?v=Cyd5BFYIQuw,https://img.youtube.com/vi/Cyd5BFYIQuw/0.jpg,41,9
짐볼 들고 양옆으로 돌리기,근력/근지구력,짐볼,/,어르신,,WVvEdPRGRno,https://www.youtube.com/watch?v=WVvEdPRGRno,https://img.youtube.com/vi/WVvEdPRGRno/0.jpg,41,10
의자에 앉아 볼 돌리기,근력/근지구력,공,위팔/아래팔,어르신,,FUIPXT_VDd8,https://www.youtube.com/watch?v=FUIPXT_VDd8,https://img.youtube.com/vi/FUIPXT_VDd8/0.jpg,41,11
의자 앉아 다리로 짐볼 쥐기,근력/근지구력,짐볼/의자,허벅지내측,어르신,,IaQZvEds57w,https://www.youtube.com/watch?v=IaQZvEds57w,https://img.youtube.com/vi/IaQZvEds57w/0.jpg,41,12
물병 들고 한발 앞으로 내밀고 앉았다 일어서기,근력/근지구력,물병,/,어르신,,OiXEJ29IVPU,https://www.youtube.com/watch?v=OiXEJ29IVPU,https://img.youtube.com/vi/OiXEJ29IVPU/0.jpg,42,1
밴드 걸고 누워서 다리 들어올리기,근력/근지구력,밴드,허벅지앞쪽,어르신,,316SknlYduw,https://www.youtube.com/watch?v=316SknlYduw,https://img.youtube.com/vi/316SknlYduw/0.jpg,42,2
목봉잡고 앉았다 일어나기,근력/근지구력,목봉,허벅지,어르신,,SEYtFnrgXZw,https://www.youtube.com/watch?v=SEYtFnrgXZw,https://img.youtube.com/vi/SEYtFnrgXZw/0.jpg,42,3
앉아서 덤벨로 손목 굽히기,근력/근지구력,프리웨이트,아래팔앞쪽,어르신,,vYFddQ_OCDc,https://www.youtube.com/watch?v=vYFddQ_OCDc,https://img.youtube.com/vi/vYFddQ_OCDc/0.jpg,42,4
서서 팔꿈치 펴기,근력/근지구력,웨이트기계,위팔뒤쪽,어르신,,eMwnF_Bgjus,https://www.youtube.com/watch?v=eMwnF_Bgjus,https://img.youtube.com/vi/eMwnF_Bgjus/0.jpg,42,5
밴드 걸고 엎드려서 다리 구부리기,근력/근지구력,밴드,허벅지뒤쪽,어르신,,WPP0xF_vFw4,https://www.youtube.com/watch?v=WPP0xF_vFw4,https://img.youtube.com/vi/WPP0xF_vFw4/0.jpg,42,6
앉아서 어깨 위로 밀기,근력/근지구력,웨이트기계,어깨,어르신,,6_FjRWgmeR4,https://www.youtube.com/watch?v=6_FjRWgmeR4,https://img.youtube.com/vi/6_FjRWgmeR4/0.jpg,42,7
짐볼 이용해 앉았다 일어서기,근력/근지구력,짐볼,허벅지,어르신,,hThtJNqwDQY,https://www.youtube.com/watch?v=hThtJNqwDQY,https://img.youtube.com/vi/hThtJNqwDQY/0.jpg,42,8
밴드 걸고 앉아서 발등 굽힘,근력/근지구력,밴드,종아리,어르신,,66KdRFyt_O0,https://www.youtube.com/watch?v=66KdRFyt_O0,https://img.youtube.com/vi/66KdRFyt_O0/0.jpg,42,9
앉아서 팔꿈치 굽히기,근력/근지구력,웨이트기계,위팔앞쪽,어르신,,-7sdmR3SmKU,https://www.youtube.com/watch?v=-7sdmR3SmKU,https://img.youtube.com/vi/-7sdmR3SmKU/0.jpg,42,10
공 잡고 들어올리기,근력/근지구력,짐볼,하체,어르신,,C8_tRZdKZl8,https://www.youtube.com/watch?v=C8_tRZdKZl8,https://img.youtube.com/vi/C8_tRZdKZl8/0.jpg,42,11
앉아서 가슴 모으기,근력/근지구력,웨이트기계,몸통,어르신,,ccF9pRFrq6c,https://www.youtube.com/watch?v=ccF9pRFrq6c,https://img.youtube.com/vi/ccF9pRFrq6c/0.jpg,42,12
덤벨 잡고 뒤꿈치 들기,근력/근지구력,프리웨이트,종아리,어르신,,CTWEDArC3dE,https://www.youtube.com/watch?v=CTWEDArC3dE,https://img.youtube.com/vi/CTWEDArC3dE/0.jpg,43,1
엎드려서 다리 굽히기,근력/근지구력,웨이트기계,허벅지뒤쪽,어르신,,8SXoEOQu05c,https://www.youtube.com/watch?v=8SXoEOQu05c,https://img.youtube.com/vi/8SXoEOQu05c/0.jpg,43,2
앉아서 다리 밀기,근력/근지구력,웨이트기계,허벅지,어르신,,ZMGfHidKvu4,https://www.youtube.com/watch?v=ZMGfHidKvu4,https://img.youtube.com/vi/ZMGfHidKvu4/0.jpg,43,3
바벨 당겨 올리기,근력/근지구력,프리웨이트,어깨뒤쪽,어르신,,Wmc_bSISkDs,https://www.youtube.com/watch?v=Wmc_bSISkDs,https://img.youtube.com/vi/Wmc_bSISkDs/0.jpg,43,4
덤벨 잡고 한발 내밀어 굽혔다 펴기,근력/근지구력,프리웨이트,/,어르신,,SOIv0oZ3mxM,https://www.youtube.com/watch?v=SOIv0oZ3mxM,https://img.youtube.com/vi/SOIv0oZ3mxM/0.jpg,43,5
누워서 가슴 밀기,근력/근지구력,웨이트기계,몸통,어르신,,esoPmL2WS18,https://www.youtube.com/watch?v=esoPmL2WS18,https://img.youtube.com/vi/esoPmL2WS18/0.jpg,43,6
몸통 들어올리기,근력/근지구력,웨이트기계,허리,어르신,,eDXyNH3TitU,https://www.youtube.com/watch?v=eDXyNH3TitU,https://img.youtube.com/vi/eDXyNH3TitU/0.jpg,43,7
앉아서 당겨 내리기,근력/근지구력,웨이트기계,등,어르신,,z15f5etYoJw,https://www.youtube.com/watch?v=z15f5etYoJw,https://img.youtube.com/vi/z15f5etYoJw/0.jpg,43,8
앉아서 뒤로 당기기,근력/근지구력,웨이트기계,등,어르신,,SPEbUriOsx8,https://www.youtube.com/watch?v=SPEbUriOsx8,https://img.youtube.com/vi/SPEbUriOsx8/0.jpg,43,9
서서 다리 모으고 벌리기,근력/근지구력,웨이트기계,하체,어르신,,oihh0qHSrRc,https://www.youtube.com/watch?v=oihh0qHSrRc,https://img.youtube.com/vi/oihh0qHSrRc/0.jpg,43,10
덤벨 잡고 몸통 옆으로 굽히기,근력/근지구력,프리웨이트,몸통,어르신,,3K8ehD7nClM,https://www.youtube.com/watch?v=3K8ehD7nClM,https://img.youtube.com/vi/3K8ehD7nClM/0.jpg,43,11
앉아서 몸통 움츠리기,근력/근지구력,웨이트기계,복부,어르신,,qkm6BEdCpl0,https://www.youtube.com/watch?v=qkm6BEdCpl0,https://img.youtube.com/vi/qkm6BEdCpl0/0.jpg,43,12
수영,심폐지구력,수중운동,전신,어르신,,qc-PQrTj_lI,https://www.youtube.com/watch?v=qc-PQrTj_lI,https://img.youtube.com/vi/qc-PQrTj_lI/0.jpg,44,1
아쿠아로빅,심폐지구력,수중운동,전신,어르신,,8Xl7XN3wqrg,https://www.youtube.com/watch?v=8Xl7XN3wqrg,https://img.youtube.com/vi/8Xl7XN3wqrg/0.jpg,44,2
덤벨 잡고 앉았다 일어서기,근력/근지구력,프리웨이트,하체,어르신,,aWEBPV54Wv8,https://www.youtube.com/watch?v=aWEBPV54Wv8,https://img.youtube.com/vi/aWEBPV54Wv8/0.jpg,44,3
바벨 잡고 들어올리기,근력/근지구력,프리웨이트,하체,어르신,,E-riR4IkUJ4,https://www.youtube.com/watch?v=E-riR4IkUJ4,https://img.youtube.com/vi/E-riR4IkUJ4/0.jpg,44,4
아쿠아로빅 운동 프로그램 루틴,심폐지구력,수중운동,전신,어르신,,8Xl7XN3wqrg,https://www.youtube.com/watch?v=8Xl7XN3wqrg,https://img.youtube.com/vi/8Xl7XN3wqrg/0.jpg,44,5
앉아서 다리 펴기,근력/근지구력,웨이트기계,허벅지앞쪽,어르신,,guCoRo-mPD0,https://www.youtube.com/watch?v=guCoRo-mPD0,https://img.youtube.com/vi/guCoRo-mPD0/0.jpg,44,6
아쿠아로빅-발 닿기,심폐지구력,수중운동,전신,어르신,,8Xl7XN3wqrg,https://www.youtube.com/watch?v=8Xl7XN3wqrg,https://img.youtube.com/vi/8Xl7XN3wqrg/0.jpg,44,7
아쿠아로빅-물당기기/밀기,심폐지구력,수중운동,등/몸통,어르신,,8Xl7XN3wqrg,https://www.youtube.com/watch?v=8Xl7XN3wqrg,https://img.youtube.com/vi/8Xl7XN3wqrg/0.jpg,44,8
아쿠아로빅-옆구리 늘리기,심폐지구력,수중운동,몸통,어르신,,8Xl7XN3wqrg,https://www.youtube.com/watch?v=8Xl7XN3wqrg,https://img.youtube.com/vi/8Xl7XN3wqrg/0.jpg,44,9
아쿠아로빅-몸 기울이기/회전하기,심폐지구력,수중운동,전신,어르신,,8Xl7XN3wqrg,https://www.youtube.com/watch?v=8Xl7XN3wqrg,https://img.youtube.com/vi/8Xl7XN3wqrg/0.jpg,44,10
아쿠아로빅-엉덩관절 회전하기,심폐지구력,수중운동,몸통,어르신,,8Xl7XN3wqrg,https://www.youtube.com/watch?v=8Xl7XN3wqrg,https://img.youtube.com/vi/8Xl7XN3wqrg/0.jpg,44,11
아쿠아로빅-물누르기/올리기,심폐지구력,수중운동,/,어르신,,8Xl7XN3wqrg,https://www.youtube.com/watch?v=8Xl7XN3wqrg,https://img.youtube.com/vi/8Xl7XN3wqrg/0.jpg,44,12
고정식 트레드밀에서 걷기,심폐지구력,웨이트기계,/,어르신,,pxHT61DJAZ0,https://www.youtube.com/watch?v=pxHT61DJAZ0,https://img.youtube.com/vi/pxHT61DJAZ0/0.jpg,45,1
스텝박스 오르내리기,심폐지구력,스텝박스,하체,어르신,,6N8nzHaCbZo,https://www.youtube.com/watch?v=6N8nzHaCbZo,https://img.youtube.com/vi/6N8nzHaCbZo/0.jpg,45,2
고정식 자전거 타기,심폐지구력,웨이트기계,허벅지,어르신,,-_-EcCM1QJ4,https://www.youtube.com/watch?v=-_-EcCM1QJ4,https://img.youtube.com/vi/-_-EcCM1QJ4/0.jpg,45,3
물속에서 걷기,심폐지구력,수중운동,하체,어르신,,8Xl7XN3wqrg,https://www.youtube.com/watch?v=8Xl7XN3wqrg,https://img.youtube.com/vi/8Xl7XN3wqrg/0.jpg,45,4
스텝박스,심폐지구력,스텝박스,하체,어르신,,7DfNK7RzQ64,https://www.youtube.com/watch?v=7DfNK7RzQ64,https://img.youtube.com/vi/7DfNK7RzQ64/0.jpg,45,5
밴드잡고 머리 위에서 팔꿈치 펴기,,탄력밴드,위팔뒤쪽,성인,,wjJQXgN1rv0,https://www.youtube.com/watch?v=wjJQXgN1rv0,https://img.youtube.com/vi/wjJQXgN1rv0/0.jpg,45,6
탄력밴드 당기면서 팔 들어올리기,,탄력밴드,어깨,성인,,wX36AaqZk2Q,https://www.youtube.com/watch?v=wX36AaqZk2Q,https://img.youtube.com/vi/wX36AaqZk2Q/0.jpg,45,7
수건 이용하여 장딴지 늘리기,,수건,종아리,성인,,MS6abB1jyaA,https://www.youtube.com/watch?v=MS6abB1jyaA,https://img.youtube.com/vi/MS6abB1jyaA/0.jpg,45,8
수동적 관절가동범위 운동,,맨몸,종아리,성인,,3WXfwivRsLo,https://www.youtube.com/watch?v=3WXfwivRsLo,https://img.youtube.com/vi/3WXfwivRsLo/0.jpg,45,9
등척성운동-바깥돌림,,맨몸,어깨,성인,,4kONchXmhkw,https://www.youtube.com/watch?v=4kONchXmhkw,https://img.youtube.com/vi/4kONchXmhkw/0.jpg,45,10
등척성운동-안쪽 돌림,,맨몸,어깨,성인,,NJ-BqsGzz70,https://www.youtube.com/watch?v=NJ-BqsGzz70,https://img.youtube.com/vi/NJ-BqsGzz70/0.jpg,45,11
등척성운동-벌림,,맨몸,어깨,성인,,fBrqvjaE0MI,https://www.youtube.com/watch?v=fBrqvjaE0MI,https://img.youtube.com/vi/fBrqvjaE0MI/0.jpg,45,12
수건잡고 팔 들어올리기,,수건,어깨,성인,,s0cjJXHo858,https://www.youtube.com/watch?v=s0cjJXHo858,https://img.youtube.com/vi/s0cjJXHo858/0.jpg,46,1
굽힘 밸런스운동-60~120도 사이,,맨몸,어깨,성인,,fsGHQlmMvLQ,https://www.youtube.com/watch?v=fsGHQlmMvLQ,https://img.youtube.com/vi/fsGHQlmMvLQ/0.jpg,46,2
벌림 밸런스 운동-60~120도 사이,,맨몸,어깨,성인,,TW6saGvfsSY,https://www.youtube.com/watch?v=TW6saGvfsSY,https://img.youtube.com/vi/TW6saGvfsSY/0.jpg,46,3
누워서 막대 잡고 팔 회전하기,,막대,어깨,성인,,et8m4Cd3R3I,https://www.youtube.com/watch?v=et8m4Cd3R3I,https://img.youtube.com/vi/et8m4Cd3R3I/0.jpg,46,4
좌 우 회전(목 좌 우 회전),,맨몸,목,성인,,8SdxJVLw6RQ,https://www.youtube.com/watch?v=8SdxJVLw6RQ,https://img.youtube.com/vi/8SdxJVLw6RQ/0.jpg,46,5
진자운동,,맨몸,어깨,성인,,JTD9aXZ7OGA,https://www.youtube.com/watch?v=JTD9aXZ7OGA,https://img.youtube.com/vi/JTD9aXZ7OGA/0.jpg,46,6
막대 잡고 대각선으로 팔 들어올리기,,막대,어깨,성인,,4u6000UgwMg,https://www.youtube.com/watch?v=4u6000UgwMg,https://img.youtube.com/vi/4u6000UgwMg/0.jpg,46,7
옆으로 누워서팔 앞으로 당기기,,맨몸,어깨,성인,,hSyVphHI_9I,https://www.youtube.com/watch?v=hSyVphHI_9I,https://img.youtube.com/vi/hSyVphHI_9I/0.jpg,46,8
테이블 이용하여 팔 들어 올리기,,테이블,어깨,성인,,v3w7sh-wZlM,https://www.youtube.com/watch?v=v3w7sh-wZlM,https://img.youtube.com/vi/v3w7sh-wZlM/0.jpg,46,9
테이블 이용하여 팔 옆으로 벌리기,,테이블,어깨,성인,,mk-TUe_AtXs,https://www.youtube.com/watch?v=mk-TUe_AtXs,https://img.youtube.com/vi/mk-TUe_AtXs/0.jpg,46,10
누워서 막대 잡고 팔 들어올리기,,막대,어깨,성인,,ynRzifM8NK8,https://www.youtube.com/watch?v=ynRzifM8NK8,https://img.youtube.com/vi/ynRzifM8NK8/0.jpg,46,11
막대 잡고 팔 안쪽/바깥 돌림,,막대,어깨,성인,,O4KFwgStU6s,https://www.youtube.com/watch?v=O4KFwgStU6s,https://img.youtube.com/vi/O4KFwgStU6s/0.jpg,46,12
전신 루틴 스트레칭,유연성,맨몸,전신,성인,,xzCoOyOTgpc,https://www.youtube.com/watch?v=xzCoOyOTgpc,https://img.youtube.com/vi/xzCoOyOTgpc/0.jpg,47,1
유산소 운동 전 동적 루틴 스트레칭,유연성,맨몸,전신,성인,,ul0Vbv7uiHE,https://www.youtube.com/watch?v=ul0Vbv7uiHE,https://img.youtube.com/vi/ul0Vbv7uiHE/0.jpg,47,2
자가근막이완술 루틴 스트레칭,유연성,,전신,성인,,RyocWLWoRP0,https://www.youtube.com/watch?v=RyocWLWoRP0,https://img.youtube.com/vi/RyocWLWoRP0/0.jpg,47,3
좌식생활자를 위한 동적 루틴 스트레칭,유연성,맨몸,전신,성인,,JQUBQizjfj0,https://www.youtube.com/watch?v=JQUBQizjfj0,https://img.youtube.com/vi/JQUBQizjfj0/0.jpg,47,4
작은 공을 이용한 동적 루틴 스트레칭,유연성,공,전신,성인,,2oE97tmKR7k,https://www.youtube.com/watch?v=2oE97tmKR7k,https://img.youtube.com/vi/2oE97tmKR7k/0.jpg,47,5
짐볼을 이용한 동적 루틴 스트레칭,유연성,짐볼,전신,성인,,8UpZdbYtgms,https://www.youtube.com/watch?v=8UpZdbYtgms,https://img.youtube.com/vi/8UpZdbYtgms/0.jpg,47,6
팔굽혀펴기(무릎대고 실시),평형성,맨몸,,성인,,iVRVXcNL2TQ,https://www.youtube.com/watch?v=iVRVXcNL2TQ,https://img.youtube.com/vi/iVRVXcNL2TQ/0.jpg,47,7
빠르게 걷기,평형성,맨몸,,성인,,RkJH4aV6q6Y,https://www.youtube.com/watch?v=RkJH4aV6q6Y,https://img.youtube.com/vi/RkJH4aV6q6Y/0.jpg,47,8
좌 우 굴곡(목 좌 우 굴곡),,맨몸,목,성인,,_9cZzYhgJ68,https://www.youtube.com/watch?v=_9cZzYhgJ68,https://img.youtube.com/vi/_9cZzYhgJ68/0.jpg,47,9
공에 엎드려서 상체 들어올리기,,짐볼,허리,성인,,rT38gkGxYY8,https://www.youtube.com/watch?v=rT38gkGxYY8,https://img.youtube.com/vi/rT38gkGxYY8/0.jpg,47,10
물속에서 걷기,,수중운동,전신,성인,,dmyqqCudVvI,https://www.youtube.com/watch?v=dmyqqCudVvI,https://img.youtube.com/vi/dmyqqCudVvI/0.jpg,47,11
앞 뒤 굴곡(목 앞 뒤 굴곡),,맨몸,목,성인,,tImltvXdSCM,https://www.youtube.com/watch?v=tImltvXdSCM,https://img.youtube.com/vi/tImltvXdSCM/0.jpg,47,12
상지 루틴 스트레칭,유연성,맨몸,상체,성인,,6TWvzumskts,https://www.youtube.com/watch?v=6TWvzumskts,https://img.youtube.com/vi/6TWvzumskts/0.jpg,48,1
하지 루틴 스트레칭1,유연성,맨몸,하체,성인,,YsUMvs_yCOU,https://www.youtube.com/watch?v=YsUMvs_yCOU,https://img.youtube.com/vi/YsUMvs_yCOU/0.jpg,48,2
하지 루틴 스트레칭2,유연성,맨몸,하체,성인,,aS-BWKK2izs,https://www.youtube.com/watch?v=aS-BWKK2izs,https://img.youtube.com/vi/aS-BWKK2izs/0.jpg,48,3
허리 스트레칭,유연성,맨몸,허리,성인,,19jXlYi7Mio,https://www.youtube.com/watch?v=19jXlYi7Mio,https://img.youtube.com/vi/19jXlYi7Mio/0.jpg,48,4
넙다리 뒤쪽 스트레칭,유연성,맨몸,허벅지뒤쪽,성인,,ostPgJJAAoE,https://www.youtube.com/watch?v=ostPgJJAAoE,https://img.youtube.com/vi/ostPgJJAAoE/0.jpg,48,5
엉덩이 스트레칭,유연성,맨몸,둔부,성인,,UtSQHEh-4Kg,https://www.youtube.com/watch?v=UtSQHEh-4Kg,https://img.youtube.com/vi/UtSQHEh-4Kg/0.jpg,48,6
배스트레칭,유연성,맨몸,복부,성인,,daU2osrrHRk,https://www.youtube.com/watch?v=daU2osrrHRk,https://img.youtube.com/vi/daU2osrrHRk/0.jpg,48,7
넙다리 안쪽 스트레칭,유연성,맨몸,허벅지내측,성인,,AX0FSMU34EE,https://www.youtube.com/watch?v=AX0FSMU34EE,https://img.youtube.com/vi/AX0FSMU34EE/0.jpg,48,8
넙다리 앞쪽 스트레칭,유연성,맨몸,허벅지앞쪽,성인,,U13sBcbOsl4,https://www.youtube.com/watch?v=U13sBcbOsl4,https://img.youtube.com/vi/U13sBcbOsl4/0.jpg,48,9
옆구리 스트레칭,유연성,맨몸,몸통,성인,,1KXZCl1e5gY,https://www.youtube.com/watch?v=1KXZCl1e5gY,https://img.youtube.com/vi/1KXZCl1e5gY/0.jpg,48,10
가슴/어깨 앞쪽 스트레칭,유연성,맨몸,어깨,성인,,cbV7XSVBM2w,https://www.youtube.com/watch?v=cbV7XSVBM2w,https://img.youtube.com/vi/cbV7XSVBM2w/0.jpg,48,11
아래 팔 스트레칭,유연성,맨몸,아래팔,성인,,fU0N9YdBFxI,https://www.youtube.com/watch?v=fU0N9YdBFxI,https://img.youtube.com/vi/fU0N9YdBFxI/0.jpg,48,12
버피운동,민첩성/순발력,맨몸,전신,성인,,Xp2UdgJ93_Q,https://www.youtube.com/watch?v=Xp2UdgJ93_Q,https://img.youtube.com/vi/Xp2UdgJ93_Q/0.jpg,49,1
목 스트레칭,유연성,맨몸,목,성인,,d1tYcRykLPk,https://www.youtube.com/watch?v=d1tYcRykLPk,https://img.youtube.com/vi/d1tYcRykLPk/0.jpg,49,2
등/어깨 뒤쪽 스트레칭,유연성,맨몸,어깨,성인,,tmZ87GjdId4,https://www.youtube.com/watch?v=tmZ87GjdId4,https://img.youtube.com/vi/tmZ87GjdId4/0.jpg,49,3
팔벌려뛰기,민첩성/순발력,맨몸,전신,성인,,weBc5JQ__50,https://www.youtube.com/watch?v=weBc5JQ__50,https://img.youtube.com/vi/weBc5JQ__50/0.jpg,49,4
사다리 안팎 뛰기,민첩성/순발력,사다리,하체,성인,,_E5mVxEgp40,https://www.youtube.com/watch?v=_E5mVxEgp40,https://img.youtube.com/vi/_E5mVxEgp40/0.jpg,49,5
사다리 옆으로 발 옮기기,민첩성/순발력,사다리,하체,성인,,N7IBjoT4oGo,https://www.youtube.com/watch?v=N7IBjoT4oGo,https://img.youtube.com/vi/N7IBjoT4oGo/0.jpg,49,6
뛰어 내렸다가 바로 점프하기,민첩성/순발력,스텝퍼,하체,성인,,_hXusZ9PiwU,https://www.youtube.com/watch?v=_hXusZ9PiwU,https://img.youtube.com/vi/_hXusZ9PiwU/0.jpg,49,7
계단 두발 뛰기,민첩성/순발력,맨몸,하체,성인,,YyN02xfSe2g,https://www.youtube.com/watch?v=YyN02xfSe2g,https://img.youtube.com/vi/YyN02xfSe2g/0.jpg,49,8
점프 팔굽혀펴기,민첩성/순발력,맨몸,몸통,성인,,e5gXZ2Ks9Jo,https://www.youtube.com/watch?v=e5gXZ2Ks9Jo,https://img.youtube.com/vi/e5gXZ2Ks9Jo/0.jpg,49,9
계단 두 칸씩 뛰기,민첩성/순발력,맨몸,하체,성인,,7nBsd3WpMxA,https://www.youtube.com/watch?v=7nBsd3WpMxA,https://img.youtube.com/vi/7nBsd3WpMxA/0.jpg,49,10
계단 한발 뛰기,민첩성/순발력,맨몸,하체,성인,,gArG4NiOM28,https://www.youtube.com/watch?v=gArG4NiOM28,https://img.youtube.com/vi/gArG4NiOM28/0.jpg,49,11
사다리 좌우 뛰기,민첩성/순발력,사다리,하체,성인,,q6coj8e6Tn8,https://www.youtube.com/watch?v=q6coj8e6Tn8,https://img.youtube.com/vi/q6coj8e6Tn8/0.jpg,49,12
무릎 높여 제자리 달리기,민첩성/순발력,맨몸,허벅지,성인,,VZx4Ynp2aT0,https://www.youtube.com/watch?v=VZx4Ynp2aT0,https://img.youtube.com/vi/VZx4Ynp2aT0/0.jpg,50,1
팔꿈치 굽히기,근력/근지구력,물병,위팔앞쪽,성인,,-CbeQjvGgoc,https://www.youtube.com/watch?v=-CbeQjvGgoc,https://img.youtube.com/vi/-CbeQjvGgoc/0.jpg,50,2
앉았다 일어서면서 점프하기,민첩성/순발력,맨몸,허벅지,성인,,uXanhxl2GM8,https://www.youtube.com/watch?v=uXanhxl2GM8,https://img.youtube.com/vi/uXanhxl2GM8/0.jpg,50,3
스텝퍼 뛰어서 오르내리기,민첩성/순발력,스텝퍼,하체,성인,,3FXFmlzSxJc,https://www.youtube.com/watch?v=3FXFmlzSxJc,https://img.youtube.com/vi/3FXFmlzSxJc/0.jpg,50,4
스텝퍼 옆으로 뛰어넘기,민첩성/순발력,스텝퍼,하체,성인,,9IxU2l5vhl0,https://www.youtube.com/watch?v=9IxU2l5vhl0,https://img.youtube.com/vi/9IxU2l5vhl0/0.jpg,50,5
스텝퍼 오르내리기,민첩성/순발력,스텝퍼,하체,성인,,OTdX4busMSA,https://www.youtube.com/watch?v=OTdX4busMSA,https://img.youtube.com/vi/OTdX4busMSA/0.jpg,50,6
옆으로 펀치하기,민첩성/순발력,맨몸,전신,성인,,1fA4qBGyqhM,https://www.youtube.com/watch?v=1fA4qBGyqhM,https://img.youtube.com/vi/1fA4qBGyqhM/0.jpg,50,7
스텝퍼 올라가서 점프하여 착지하기,민첩성/순발력,스텝퍼,하체,성인,,J4V_WPXUcO0,https://www.youtube.com/watch?v=J4V_WPXUcO0,https://img.youtube.com/vi/J4V_WPXUcO0/0.jpg,50,8
스텝퍼 뛰어서 넘어가기,민첩성/순발력,스텝퍼,하체,성인,,tC7mFPhS36k,https://www.youtube.com/watch?v=tC7mFPhS36k,https://img.youtube.com/vi/tC7mFPhS36k/0.jpg,50,9
목 굽힘/ 폄 III,근력/근지구력,맨몸,목,성인,,8JLwdknLw6E,https://www.youtube.com/watch?v=8JLwdknLw6E,https://img.youtube.com/vi/8JLwdknLw6E/0.jpg,50,10
목 굽힘/ 폄 I,근력/근지구력,맨몸,목,성인,,g7SxlexJM58,https://www.youtube.com/watch?v=g7SxlexJM58,https://img.youtube.com/vi/g7SxlexJM58/0.jpg,50,11
목 굽힘/ 폄 II,근력/근지구력,맨몸,목,성인,,-i-vAvNtWBw,https://www.youtube.com/watch?v=-i-vAvNtWBw,https://img.youtube.com/vi/-i-vAvNtWBw/0.jpg,50,12
팔굽혀펴기,근력/근지구력,맨몸,몸통,성인,,sMg6GG14m10,https://www.youtube.com/watch?v=sMg6GG14m10,https://img.youtube.com/vi/sMg6GG14m10/0.jpg,51,1
뒤로 팔굽혀펴기,근력/근지구력,맨몸,위팔뒤쪽,성인,,w92fPHQpb0k,https://www.youtube.com/watch?v=w92fPHQpb0k,https://img.youtube.com/vi/w92fPHQpb0k/0.jpg,51,2
엎드려서 팔 다리 들기,근력/근지구력,맨몸,허리,성인,,w5RHn8mWUXM,https://www.youtube.com/watch?v=w5RHn8mWUXM,https://img.youtube.com/vi/w5RHn8mWUXM/0.jpg,51,3
물병 옆으로 들어올리기,근력/근지구력,물병,어깨측면,성인,,m37laE5fbKI,https://www.youtube.com/watch?v=m37laE5fbKI,https://img.youtube.com/vi/m37laE5fbKI/0.jpg,51,4
허리 굽혀 팔 뒤로 들기,근력/근지구력,물병,위팔뒤쪽,성인,,A97Y_T0dAtA,https://www.youtube.com/watch?v=A97Y_T0dAtA,https://img.youtube.com/vi/A97Y_T0dAtA/0.jpg,51,5
네발기기 자세에서 다리 위로 뻗어올리기,근력/근지구력,맨몸,둔부,성인,,Q_OLBsyY520,https://www.youtube.com/watch?v=Q_OLBsyY520,https://img.youtube.com/vi/Q_OLBsyY520/0.jpg,51,6
네발기기 자세에서 손바닥으로 바닥밀기,근력/근지구력,맨몸,어깨,성인,,S6tAqxd4QX0,https://www.youtube.com/watch?v=S6tAqxd4QX0,https://img.youtube.com/vi/S6tAqxd4QX0/0.jpg,51,7
탄력밴드 어깨 가쪽 돌림,근력/근지구력,탄력밴드,어깨,성인,,usSmz_7Txyo,https://www.youtube.com/watch?v=usSmz_7Txyo,https://img.youtube.com/vi/usSmz_7Txyo/0.jpg,51,8
서서 탄력밴드 당겨내리기/올리기,근력/근지구력,탄력밴드,어깨,성인,,SCV_xa2A20c,https://www.youtube.com/watch?v=SCV_xa2A20c,https://img.youtube.com/vi/SCV_xa2A20c/0.jpg,51,9
짐볼에 다리 올리고 좌우로 움직이기,근력/근지구력,짐볼,몸통,성인,,lIBPmJM-0sQ,https://www.youtube.com/watch?v=lIBPmJM-0sQ,https://img.youtube.com/vi/lIBPmJM-0sQ/0.jpg,51,10
짐볼에 엎드려서 몸통 젖히기,근력/근지구력,짐볼,허리,성인,,YJ7f2VhN2kU,https://www.youtube.com/watch?v=YJ7f2VhN2kU,https://img.youtube.com/vi/YJ7f2VhN2kU/0.jpg,51,11
짐볼에 엎드려서 팔 다리 들기,근력/근지구력,짐볼,허리,성인,,FzxWC-OzyTw,https://www.youtube.com/watch?v=FzxWC-OzyTw,https://img.youtube.com/vi/FzxWC-OzyTw/0.jpg,51,12
엎드려 버티기,근력/근지구력,맨몸,복부,성인,,wCUWN9pYWHs,https://www.youtube.com/watch?v=wCUWN9pYWHs,https://img.youtube.com/vi/wCUWN9pYWHs/0.jpg,52,1
누워서 엉덩이 들어올리기,근력/근지구력,맨몸,허리,성인,,DeKWQmqn5gs,https://www.youtube.com/watch?v=DeKWQmqn5gs,https://img.youtube.com/vi/DeKWQmqn5gs/0.jpg,52,2
누워서 다리 들어올리기,근력/근지구력,맨몸,아랫복근,성인,,-LLOH8DA8no,https://www.youtube.com/watch?v=-LLOH8DA8no,https://img.youtube.com/vi/-LLOH8DA8no/0.jpg,52,3
옆으로 누워 버티기,근력/근지구력,맨몸,몸통,성인,,GZjyIs72fHY,https://www.youtube.com/watch?v=GZjyIs72fHY,https://img.youtube.com/vi/GZjyIs72fHY/0.jpg,52,4
네발기기 자세로 팔 다리 들기,근력/근지구력,맨몸,둔부,성인,,N6Zvq4CiQhU,https://www.youtube.com/watch?v=N6Zvq4CiQhU,https://img.youtube.com/vi/N6Zvq4CiQhU/0.jpg,52,5
소파를 이용한 윗몸올리기,근력/근지구력,맨몸,윗복근,성인,,4oEQWLBxA0Y,https://www.youtube.com/watch?v=4oEQWLBxA0Y,https://img.youtube.com/vi/4oEQWLBxA0Y/0.jpg,52,6
누워서 팔 다리 동시에 들어올리기,근력/근지구력,맨몸,복부,성인,,Az8Qi3u0oto,https://www.youtube.com/watch?v=Az8Qi3u0oto,https://img.youtube.com/vi/Az8Qi3u0oto/0.jpg,52,7
누워서 하늘 자전거,근력/근지구력,맨몸,복부,성인,,hCeAkSRq_Z0,https://www.youtube.com/watch?v=hCeAkSRq_Z0,https://img.youtube.com/vi/hCeAkSRq_Z0/0.jpg,52,8
누워서 다리 좌우로 움직이기,근력/근지구력,공,몸통,성인,,xLXh4HBHMzY,https://www.youtube.com/watch?v=xLXh4HBHMzY,https://img.youtube.com/vi/xLXh4HBHMzY/0.jpg,52,9
누워서 수직으로 다리 들어올리기,근력/근지구력,맨몸,복부,성인,,1tIDymPF7Yg,https://www.youtube.com/watch?v=1tIDymPF7Yg,https://img.youtube.com/vi/1tIDymPF7Yg/0.jpg,52,10
짐볼에 다리 올리고 엉덩이 들어올리기,근력/근지구력,짐볼,허리,성인,,oFQPeLxtosM,https://www.youtube.com/watch?v=oFQPeLxtosM,https://img.youtube.com/vi/oFQPeLxtosM/0.jpg,52,11
누워서 공들고 몸 기울이기,근력/근지구력,공,몸통,성인,,7aM-l7WPC-8,https://www.youtube.com/watch?v=7aM-l7WPC-8,https://img.youtube.com/vi/7aM-l7WPC-8/0.jpg,52,12
윗몸올리기,근력/근지구력,맨몸,윗복근,성인,,WHwrbWu3_U4,https://www.youtube.com/watch?v=WHwrbWu3_U4,https://img.youtube.com/vi/WHwrbWu3_U4/0.jpg,53,1
서서 뒤꿈치 들기,근력/근지구력,맨몸,종아리,성인,,PYYWmiTnsVM,https://www.youtube.com/watch?v=PYYWmiTnsVM,https://img.youtube.com/vi/PYYWmiTnsVM/0.jpg,53,2
서서 다리 뒤로 차기,근력/근지구력,의자,둔부,성인,,p0VzcuNRPrg,https://www.youtube.com/watch?v=p0VzcuNRPrg,https://img.youtube.com/vi/p0VzcuNRPrg/0.jpg,53,3
의자에 앉아 다리 뻗어 올리기,근력/근지구력,의자,허벅지앞쪽,성인,,Zktyx-jr63Q,https://www.youtube.com/watch?v=Zktyx-jr63Q,https://img.youtube.com/vi/Zktyx-jr63Q/0.jpg,53,4
짐볼 윗몸올리기,근력/근지구력,짐볼,윗복근,성인,,S3tRws2NRbk,https://www.youtube.com/watch?v=S3tRws2NRbk,https://img.youtube.com/vi/S3tRws2NRbk/0.jpg,53,5
누워서 배가로근 수축 II,근력/근지구력,맨몸,복부/허리,성인,,JoJOvbHDFqI,https://www.youtube.com/watch?v=JoJOvbHDFqI,https://img.youtube.com/vi/JoJOvbHDFqI/0.jpg,53,6
서서 다리로 탄력밴드 당기기 II,근력/근지구력,탄력밴드,허벅지내측/허벅지외측,성인,,rWS5lG2v3Pk,https://www.youtube.com/watch?v=rWS5lG2v3Pk,https://img.youtube.com/vi/rWS5lG2v3Pk/0.jpg,53,7
누워서 배가로근 수축 I,근력/근지구력,맨몸,복부,성인,,3nB0CYfN3Dk,https://www.youtube.com/watch?v=3nB0CYfN3Dk,https://img.youtube.com/vi/3nB0CYfN3Dk/0.jpg,53,8
서서 다리로 탄력밴드 당기기 I,근력/근지구력,탄력밴드,허벅지앞쪽/허벅지뒤쪽,성인,,IueiGEGnfho,https://www.youtube.com/watch?v=IueiGEGnfho,https://img.youtube.com/vi/IueiGEGnfho/0.jpg,53,9
앉아서 엉덩관절 굽히기,근력/근지구력,의자,허벅지,성인,,6mUrXxx2lKs,https://www.youtube.com/watch?v=6mUrXxx2lKs,https://img.youtube.com/vi/6mUrXxx2lKs/0.jpg,53,10
한발 서서 균형잡기,근력/근지구력,맨몸,하체,성인,,V6EbDxajDdQ,https://www.youtube.com/watch?v=V6EbDxajDdQ,https://img.youtube.com/vi/V6EbDxajDdQ/0.jpg,53,11
발등굽힘/발바닥굽힘,근력/근지구력,맨몸,종아리앞쪽/종아리뒤쪽,성인,,qxftJYWBzag,https://www.youtube.com/watch?v=qxftJYWBzag,https://img.youtube.com/vi/qxftJYWBzag/0.jpg,53,12
앉았다 일어서기,근력/근지구력,맨몸,허벅지,성인,,3ndW3_is8_o,https://www.youtube.com/watch?v=3ndW3_is8_o,https://img.youtube.com/vi/3ndW3_is8_o/0.jpg,54,1
한발 앞으로 내밀고 앉았다 일어서기,근력/근지구력,맨몸,/,성인,,szyKFpBZ1_4,https://www.youtube.com/watch?v=szyKFpBZ1_4,https://img.youtube.com/vi/szyKFpBZ1_4/0.jpg,54,2
서서 상체 일으키기,근력/근지구력,물병,허리,성인,,QXbUTYL5Fy4,https://www.youtube.com/watch?v=QXbUTYL5Fy4,https://img.youtube.com/vi/QXbUTYL5Fy4/0.jpg,54,3
윗몸 말아 올리기,근력/근지구력,보슈볼,복부,성인,,nyks6HqG8G4,https://www.youtube.com/watch?v=nyks6HqG8G4,https://img.youtube.com/vi/nyks6HqG8G4/0.jpg,54,4
의자 앞에서 앉았다 일어서기,근력/근지구력,의자,허벅지,성인,,hWMUixdVoLY,https://www.youtube.com/watch?v=hWMUixdVoLY,https://img.youtube.com/vi/hWMUixdVoLY/0.jpg,54,5
의자에 한 다리 올리고 앉앗다 일어서기,근력/근지구력,의자,/,성인,,4TVSE3Y50Eo,https://www.youtube.com/watch?v=4TVSE3Y50Eo,https://img.youtube.com/vi/4TVSE3Y50Eo/0.jpg,54,6
서서 균형잡기,근력/근지구력,보슈볼,하체,성인,,Oxf4FC1VgH0,https://www.youtube.com/watch?v=Oxf4FC1VgH0,https://img.youtube.com/vi/Oxf4FC1VgH0/0.jpg,54,7
앉아서 팔꿈치 굽히기/펴기,근력/근지구력,보슈볼,위팔/아래팔앞쪽/아래팔뒤쪽,성인,,kkZgMGrxVD0,https://www.youtube.com/watch?v=kkZgMGrxVD0,https://img.youtube.com/vi/kkZgMGrxVD0/0.jpg,54,8
서서 균형잡으며 몸통 회전하기,근력/근지구력,보슈볼,전신,성인,,TJJyNJj0GGg,https://www.youtube.com/watch?v=TJJyNJj0GGg,https://img.youtube.com/vi/TJJyNJj0GGg/0.jpg,54,9
엎드려서 다리 차올리기,근력/근지구력,보슈볼,둔부,성인,,wdw3QthW8-k,https://www.youtube.com/watch?v=wdw3QthW8-k,https://img.youtube.com/vi/wdw3QthW8-k/0.jpg,54,10
엎드려서 균형잡기,근력/근지구력,보슈볼,허리,성인,,oG2gE1obDCk,https://www.youtube.com/watch?v=oG2gE1obDCk,https://img.youtube.com/vi/oG2gE1obDCk/0.jpg,54,11
짝 운동,근력/근지구력,보슈볼,전신,성인,,vheV4zZv7cE,https://www.youtube.com/watch?v=vheV4zZv7cE,https://img.youtube.com/vi/vheV4zZv7cE/0.jpg,54,12
손목 펴기/굽히기,근력/근지구력,프리웨이트,위팔/아래팔앞쪽/아래팔뒤쪽,성인,,8N8x2HdkA1o,https://www.youtube.com/watch?v=8N8x2HdkA1o,https://img.youtube.com/vi/8N8x2HdkA1o/0.jpg,55,1
덤벨 옆으로 들어올리기,근력/근지구력,프리웨이트,어깨측면,성인,,th5xriIn3Y0,https://www.youtube.com/watch?v=th5xriIn3Y0,https://img.youtube.com/vi/th5xriIn3Y0/0.jpg,55,2
서서 바벨 위로 밀기,근력/근지구력,프리웨이트,어깨,성인,,DCLneItyEVY,https://www.youtube.com/watch?v=DCLneItyEVY,https://img.youtube.com/vi/DCLneItyEVY/0.jpg,55,3
바벨 들어 팔꿈치 굽히기,근력/근지구력,프리웨이트,위팔앞쪽,성인,,38Ut4YtRKbo,https://www.youtube.com/watch?v=38Ut4YtRKbo,https://img.youtube.com/vi/38Ut4YtRKbo/0.jpg,55,4
누워서 덤벨 들어올리기,근력/근지구력,프리웨이트,몸통,성인,,ScZjYBhtk6U,https://www.youtube.com/watch?v=ScZjYBhtk6U,https://img.youtube.com/vi/ScZjYBhtk6U/0.jpg,55,5
몸통 옆으로 굽히기,근력/근지구력,프리웨이트,몸통,성인,,h5Kb0S5AQO4,https://www.youtube.com/watch?v=h5Kb0S5AQO4,https://img.youtube.com/vi/h5Kb0S5AQO4/0.jpg,55,6
고정한 상태에서 덤벨 들고 팔꿈치 굽히기,근력/근지구력,프리웨이트,위팔앞쪽,성인,,K1oEs5M26-o,https://www.youtube.com/watch?v=K1oEs5M26-o,https://img.youtube.com/vi/K1oEs5M26-o/0.jpg,55,7
매달려서 다리 들기,근력/근지구력,프리웨이트,복부,성인,,WL9dK4MvsvE,https://www.youtube.com/watch?v=WL9dK4MvsvE,https://img.youtube.com/vi/WL9dK4MvsvE/0.jpg,55,8
누워서 머리 위로 팔꿈치 펴기,근력/근지구력,프리웨이트,위팔뒤쪽,성인,,Yaw6AkHdkJQ,https://www.youtube.com/watch?v=Yaw6AkHdkJQ,https://img.youtube.com/vi/Yaw6AkHdkJQ/0.jpg,55,9
허리 굽혀 덤벨 뒤로 들기,근력/근지구력,프리웨이트,위팔뒤쪽,성인,,TcTUoUf-LgY,https://www.youtube.com/watch?v=TcTUoUf-LgY,https://img.youtube.com/vi/TcTUoUf-LgY/0.jpg,55,10
매달려서 뒤로 팔굽혀 펴기,근력/근지구력,프리웨이트,몸통,성인,,v3psx2_ZLVU,https://www.youtube.com/watch?v=v3psx2_ZLVU,https://img.youtube.com/vi/v3psx2_ZLVU/0.jpg,55,11
누워서 덤벨 모아들기,근력/근지구력,프리웨이트,몸통,성인,,0AN2tbTg4vo,https://www.youtube.com/watch?v=0AN2tbTg4vo,https://img.youtube.com/vi/0AN2tbTg4vo/0.jpg,55,12
앉았다 일어서기,근력/근지구력,프리웨이트,허벅지,성인,,rSuLNT9nJbo,https://www.youtube.com/watch?v=rSuLNT9nJbo,https://img.youtube.com/vi/rSuLNT9nJbo/0.jpg,56,1
턱걸이,근력/근지구력,프리웨이트,상체,성인,,wQcyTdAe3y0,https://www.youtube.com/watch?v=wQcyTdAe3y0,https://img.youtube.com/vi/wQcyTdAe3y0/0.jpg,56,2
한발 앞으로 내밀고 앉았다 일어서기,근력/근지구력,프리웨이트,/,성인,,OqzhjfrZ9_g,https://www.youtube.com/watch?v=OqzhjfrZ9_g,https://img.youtube.com/vi/OqzhjfrZ9_g/0.jpg,56,3
바벨들어올리기,근력/근지구력,프리웨이트,허리,성인,,qNo9jsmkfEM,https://www.youtube.com/watch?v=qNo9jsmkfEM,https://img.youtube.com/vi/qNo9jsmkfEM/0.jpg,56,4
바벨 끌어당기기,근력/근지구력,프리웨이트,상체,성인,,KVwdvNg-pnA,https://www.youtube.com/watch?v=KVwdvNg-pnA,https://img.youtube.com/vi/KVwdvNg-pnA/0.jpg,56,5
앉아서 위로 밀기,근력/근지구력,웨이트기계,어깨,성인,,tVuFEWtCV9w,https://www.youtube.com/watch?v=tVuFEWtCV9w,https://img.youtube.com/vi/tVuFEWtCV9w/0.jpg,56,6
원판던지기,근력/근지구력,프리웨이트,//,성인,,bcL29G6p0hs,https://www.youtube.com/watch?v=bcL29G6p0hs,https://img.youtube.com/vi/bcL29G6p0hs/0.jpg,56,7
허리 굽혀 덤벨 들기,근력/근지구력,프리웨이트,어깨뒤쪽,성인,,eO-ItPOiCeI,https://www.youtube.com/watch?v=eO-ItPOiCeI,https://img.youtube.com/vi/eO-ItPOiCeI/0.jpg,56,8
파워클린,근력/근지구력,프리웨이트,//,성인,,InaFNrtFCNc,https://www.youtube.com/watch?v=InaFNrtFCNc,https://img.youtube.com/vi/InaFNrtFCNc/0.jpg,56,9
앉아서 모으기,근력/근지구력,웨이트기계,몸통,성인,,1FokjPxj4jI,https://www.youtube.com/watch?v=1FokjPxj4jI,https://img.youtube.com/vi/1FokjPxj4jI/0.jpg,56,10
서서 어깨 들어올리기,근력/근지구력,프리웨이트,/,성인,,4FyWk6oPGDc,https://www.youtube.com/watch?v=4FyWk6oPGDc,https://img.youtube.com/vi/4FyWk6oPGDc/0.jpg,56,11
거꾸로 누워서 밀기,근력/근지구력,웨이트기계,몸통,성인,,O0Z4Nj6Kr5A,https://www.youtube.com/watch?v=O0Z4Nj6Kr5A,https://img.youtube.com/vi/O0Z4Nj6Kr5A/0.jpg,56,12
앉아서 당겨 내리기,근력/근지구력,웨이트기계,등,성인,,i6xX-W_HD9M,https://www.youtube.com/watch?v=i6xX-W_HD9M,https://img.youtube.com/vi/i6xX-W_HD9M/0.jpg,57,1
앉아서 다리 펴기,근력/근지구력,웨이트기계,허벅지앞쪽,성인,,wXuoCjq_WAE,https://www.youtube.com/watch?v=wXuoCjq_WAE,https://img.youtube.com/vi/wXuoCjq_WAE/0.jpg,57,2
뒤꿈치 들기,근력/근지구력,웨이트기계,종아리뒤쪽,성인,,pA6w1qnxR14,https://www.youtube.com/watch?v=pA6w1qnxR14,https://img.youtube.com/vi/pA6w1qnxR14/0.jpg,57,3
앉아서 밀기,근력/근지구력,웨이트기계,몸통,성인,,FBLREvkXKDY,https://www.youtube.com/watch?v=FBLREvkXKDY,https://img.youtube.com/vi/FBLREvkXKDY/0.jpg,57,4
앉아서 뒤로 당기기,근력/근지구력,웨이트기계,등,성인,,gVhkCsNAshc,https://www.youtube.com/watch?v=gVhkCsNAshc,https://img.youtube.com/vi/gVhkCsNAshc/0.jpg,57,5
앉아서 다리 굽히기,근력/근지구력,웨이트기계,허벅지뒤쪽,성인,,6qdT91iNBBY,https://www.youtube.com/watch?v=6qdT91iNBBY,https://img.youtube.com/vi/6qdT91iNBBY/0.jpg,57,6
누워서 밀기,근력/근지구력,웨이트기계,몸통,성인,,QQuGZDIIuvg,https://www.youtube.com/watch?v=QQuGZDIIuvg,https://img.youtube.com/vi/QQuGZDIIuvg/0.jpg,57,7
몸통 들어올리기,근력/근지구력,웨이트기계,허리,성인,,B5eDTUNYhAo,https://www.youtube.com/watch?v=B5eDTUNYhAo,https://img.youtube.com/vi/B5eDTUNYhAo/0.jpg,57,8
앉아서 다리 모으기,근력/근지구력,웨이트기계,종아리뒤쪽,성인,,8ko-6CfE2G0,https://www.youtube.com/watch?v=8ko-6CfE2G0,https://img.youtube.com/vi/8ko-6CfE2G0/0.jpg,57,9
앉아서 다리 벌리기,근력/근지구력,웨이트기계,허벅지외측,성인,,LE7Zuw35yc4,https://www.youtube.com/watch?v=LE7Zuw35yc4,https://img.youtube.com/vi/LE7Zuw35yc4/0.jpg,57,10
앉아서 몸통 움츠리기,근력/근지구력,웨이트기계,윗복근,성인,,lFDYUpTVHBM,https://www.youtube.com/watch?v=lFDYUpTVHBM,https://img.youtube.com/vi/lFDYUpTVHBM/0.jpg,57,11
비스듬히 누워서 밀기,근력/근지구력,웨이트기계,몸통,성인,,k-17tim06L4,https://www.youtube.com/watch?v=k-17tim06L4,https://img.youtube.com/vi/k-17tim06L4/0.jpg,57,12
계단 올라갔다 내려오기,심폐지구력,맨몸,허벅지,성인,,57-nxXG0U8I,https://www.youtube.com/watch?v=57-nxXG0U8I,https://img.youtube.com/vi/57-nxXG0U8I/0.jpg,58,1
트레드밀에서 걷기,심폐지구력,자전거,하체,성인,,50UOtjMsGIs,https://www.youtube.com/watch?v=50UOtjMsGIs,https://img.youtube.com/vi/50UOtjMsGIs/0.jpg,58,2
줄넘기,심폐지구력,줄넘기,하체,성인,,7SPFH6HcK-g,https://www.youtube.com/watch?v=7SPFH6HcK-g,https://img.youtube.com/vi/7SPFH6HcK-g/0.jpg,58,3
수영,심폐지구력,수중운동,전신,성인,,Q9wCecncxAI,https://www.youtube.com/watch?v=Q9wCecncxAI,https://img.youtube.com/vi/Q9wCecncxAI/0.jpg,58,4
앉아서 다리 밀기,근력/근지구력,웨이트기계,허벅지,성인,,S6jlISZMmAs,https://www.youtube.com/watch?v=S6jlISZMmAs,https://img.youtube.com/vi/S6jlISZMmAs/0.jpg,58,5
계단 뛰어 오르기,심폐지구력,수중운동,허벅지,성인,,U-x4nDdbz_g,https://www.youtube.com/watch?v=U-x4nDdbz_g,https://img.youtube.com/vi/U-x4nDdbz_g/0.jpg,58,6
옆구리늘리기,심폐지구력,수중운동,몸통,성인,,HELfvVOZciQ,https://www.youtube.com/watch?v=HELfvVOZciQ,https://img.youtube.com/vi/HELfvVOZciQ/0.jpg,58,7
물누르기/올리기,심폐지구력,수중운동,어깨앞쪽,성인,,ct7jokeWhbE,https://www.youtube.com/watch?v=ct7jokeWhbE,https://img.youtube.com/vi/ct7jokeWhbE/0.jpg,58,8
발 닿기,심폐지구력,수중운동,전신,성인,,D_yiI1aUToc,https://www.youtube.com/watch?v=D_yiI1aUToc,https://img.youtube.com/vi/D_yiI1aUToc/0.jpg,58,9
몸 기울이기/회전하기,심폐지구력,수중운동,전신,성인,,z5b5iA0Ls00,https://www.youtube.com/watch?v=z5b5iA0Ls00,https://img.youtube.com/vi/z5b5iA0Ls00/0.jpg,58,10
엉덩관절 회전하기,심폐지구력,수중운동,몸통,성인,,xClbF2_h8ZA,https://www.youtube.com/watch?v=xClbF2_h8ZA,https://img.youtube.com/vi/xClbF2_h8ZA/0.jpg,58,11
물당기기/밀기,심폐지구력,수중운동,등/몸통,성인,,oCrEf7n419g,https://www.youtube.com/watch?v=oCrEf7n419g,https://img.youtube.com/vi/oCrEf7n419g/0.jpg,58,12
달리기,심폐지구력,맨몸,전신,성인,,fmtLoxbuflw,https://www.youtube.com/watch?v=fmtLoxbuflw,https://img.youtube.com/vi/fmtLoxbuflw/0.jpg,59,1
실내 자전거타기,심폐지구력,자전거,허벅지,성인,,7q4Qz15toLo,https://www.youtube.com/watch?v=7q4Qz15toLo,https://img.youtube.com/vi/7q4Qz15toLo/0.jpg,59,2
걷기,심폐지구력,맨몸,하체,성인,,PtvDeH7B--k,https://www.youtube.com/watch?v=PtvDeH7B--k,https://img.youtube.com/vi/PtvDeH7B--k/0.jpg,59,3
실외 자전거타기,심폐지구력,자전거,허벅지,성인,,o9w8lVE5lWs,https://www.youtube.com/watch?v=o9w8lVE5lWs,https://img.youtube.com/vi/o9w8lVE5lWs/0.jpg,59,4
